userId,groupsJoined,groupsInherited,acesReceived,acesModified,joinedDomainAdminsGroup,userIsKerboroastable,isNormalActivity
attacker-a5cb08ca-8191-4e5d-bea8-56a4beee5ee3,1,1,1,0,0,0,1
csAgent-e5934dd0-ac4c-48e8-bd45-71e6ede56c1d,1,1,1,0,0,0,1
csAgent-59937e77-84bb-47be-869e-d3fe645b7868,1,1,1,0,0,0,1
csAgent-128892f2-39ca-41a5-970e-92d92c2b57f5,1,1,1,0,0,0,1
csAgent-a9eaa3d8-c17f-4e39-b15d-cc3ed5893919,1,1,1,0,0,0,1
csAgent-00154a82-0142-4dad-8597-874576540ec1,1,1,1,0,0,0,1
csAgent-300afe71-2886-40a7-8c16-655d47f48e8c,1,1,1,0,0,0,1
csAgent-f275511a-441f-44a5-a58f-6cbd2cecfdad,1,1,1,0,0,0,1
csAgent-425d9f8b-42cc-4120-9293-373f8e5454b9,1,1,1,0,0,0,1
csAgent-c65fdb1a-7c66-4c95-9cad-28f9b319c2d8,1,1,1,0,0,0,1
csAgent-a9b947a1-0eed-4392-9ee8-f92e1f0eb35e,1,1,1,0,0,0,1
csAgent-60d69659-6b1e-4c09-bc12-58823f73905e,1,1,1,0,0,0,1
csAgent-a47ed40f-c1ff-41ba-bbab-686dd2ecf9eb,1,1,1,0,0,0,1
csAgent-7f864d7a-a184-495a-97e2-bd64b70893ca,1,1,1,0,0,0,1
csAgent-1ab29602-2aea-4897-a3aa-07bb3eca9cb6,1,1,1,0,0,0,1
csAgent-4a1bf440-28ec-4397-83c7-a4d89848d500,1,1,1,0,0,0,1
csAgent-723a86d1-1b09-46d7-a280-7ceb523cf043,1,1,1,0,0,0,1
csAgent-8d9fec42-23f5-485d-91b5-f1a3f78c2baf,1,1,1,0,0,0,1
csAgent-45a533bc-1e98-42a0-a449-a3f7da26bf88,1,1,1,0,0,0,1
csAgent-7196835b-f0db-43fe-b77b-190aa3df3e25,1,1,1,0,0,0,1
csAgent-5874acc7-f220-47a6-936b-161b76bcfe0d,1,1,1,0,0,0,1
csAgent-85b2b7e6-5d32-444b-8da8-6c542c6c5674,1,1,1,0,0,0,1
csAgent-00f671e4-ce50-41ef-a1af-2048a2fb4419,1,1,1,0,0,0,1
csAgent-eb31cedb-c245-4d54-b8ac-d08e9a7f6829,1,1,1,0,0,0,1
csAgent-f72f507d-9027-4f6b-9be0-1963b1ba3e21,1,1,1,0,0,0,1
csAgent-88f4e501-530c-40a5-aed0-9f5f9146cfdc,1,1,1,0,0,0,1
csAgent-1cc04d91-e392-4765-b06b-2631c7d116d7,1,1,1,0,0,0,1
csAgent-0b0b6a48-315a-4a7a-a26d-d7607a6403ef,1,1,1,0,0,0,1
csAgent-c0f86432-44f3-41d7-8cef-b1f659403fb4,1,1,1,0,0,0,1
csAgent-29d0e741-c9b5-4dab-ae76-b3c3babf1380,1,1,1,0,0,0,1
csAgent-13c153d6-d5c7-4946-95cf-c91ac83726ae,1,1,1,0,0,0,1
csAgent-2dbbd59a-9441-4439-a48e-1540ec33d0e5,1,1,1,0,0,0,1
csAgent-ed895a28-84cb-465c-8646-31618c966c21,1,1,1,0,0,0,1
csAgent-771a0628-26b8-4d51-b9e3-7ad07a4232c9,1,1,1,0,0,0,1
csAgent-ee5c3028-8c66-42f4-856d-6e97ba23a66f,1,1,1,0,0,0,1
csAgent-046fd043-a007-4e73-812f-3f7a8601d26d,1,1,1,0,0,0,1
csAgent-93dab3ea-96de-40c7-9774-7b52811b2318,1,1,1,0,0,0,1
csAgent-7e5e183b-e072-40de-ac00-6d5c0f215f6e,1,1,1,0,0,0,1
csAgent-19d393f9-9381-4cbb-8873-94d2e1003ebf,1,1,1,0,0,0,1
csAgent-87eac159-4b55-4db0-8d8f-a200c7a85aeb,1,1,1,0,0,0,1
csAgent-9399b262-119b-4537-ad3b-9a13a0b9e583,1,1,1,0,0,0,1
csAgent-50fc5ff6-a11a-43c9-b411-862025eafb31,1,1,1,0,0,0,1
csAgent-9403088a-3b60-4ecc-98fa-e461bef9901d,1,1,1,0,0,0,1
csAgent-d235d860-4616-4607-915f-2dfe4d467c7d,1,1,1,0,0,0,1
csAgent-b92bcbb7-078c-42a5-a094-9d7f47e4a7be,1,1,1,0,0,0,1
csAgent-27eb854e-6ff3-405d-a903-f1da308404f0,1,1,1,0,0,0,1
csAgent-d725fd4c-54cc-42a0-b882-54378701a132,1,1,1,0,0,0,1
csAgent-c2617a39-ec21-4fc3-9598-db414d988773,1,1,1,0,0,0,1
csAgent-f24b54d9-2942-432e-9bfe-dcbd35f512e8,1,1,1,0,0,0,1
csAgent-e5e5a631-e6b1-4778-a525-316c5485450b,1,1,1,0,0,0,1
csAgent-92a341bf-47e4-4d70-87b5-224af623caa8,1,1,1,0,0,0,1
csAgent-f4d5812b-19e8-4e0a-9232-725033adacb8,1,1,1,0,0,0,1
csAgent-133a5189-4ad5-4a39-8508-3ff669c0efcf,1,1,1,0,0,0,1
csAgent-03b89470-9234-4227-b134-2a1217a81ee9,1,1,1,0,0,0,1
csAgent-cd1bdca6-743b-493e-b12b-953427736b24,1,1,1,0,0,0,1
csAgent-76865e76-8d85-464d-bdad-9967a99b4ba7,1,1,1,0,0,0,1
csAgent-4440431e-96f8-4c7a-8719-a35cde4358ea,1,1,1,0,0,0,1
csAgent-1aecab68-ad32-4629-9915-795b868a4017,1,1,1,0,0,0,1
csAgent-152c9f6e-970d-4917-bd39-12392b70d2a6,1,1,1,0,0,0,1
csAgent-7aa91562-df85-4ca5-8983-9b7312dd15e5,1,1,1,0,0,0,1
csAgent-d2052c4c-6031-4fdb-9ce9-a45c7dd47833,1,1,1,0,0,0,1
csAgent-efe2f923-4298-4cf2-bfdf-2c7f1d636dde,1,1,1,0,0,0,1
csAgent-5311e12e-9bfe-41eb-b7d1-0ede9e99aa20,1,1,1,0,0,0,1
csAgent-c95e37b1-04e4-4af3-864d-451edad36029,1,1,1,0,0,0,1
csAgent-8c0d65e5-d6b4-484a-b343-15839f2c480c,1,1,1,0,0,0,1
csAgent-7e253383-7aae-490f-8847-b7546a2575aa,1,1,1,0,0,0,1
csAgent-67e7e8aa-74b1-4953-bb60-815736a12445,1,1,1,0,0,0,1
csAgent-6851a793-bc81-43a0-92ce-4e9710a65ec6,1,1,1,0,0,0,1
csAgent-da67eda3-12f7-4184-8153-e1c0d4917aaa,1,1,1,0,0,0,1
csAgent-78fd0bed-5047-4cd4-804b-33ffccd3f06b,1,1,1,0,0,0,1
new-admin-c3a39a1f-96b6-4d2a-9b71-0ba6cf1ee5e2,1,1,3,0,1,0,1
csAgent-29e039c9-db7a-44c9-8209-1a02c39163af,1,1,1,0,0,0,1
398f8c31-1544-4c25-8738-c045b6007743,1,1,52,0,0,0,1
4c35ab94-1508-4432-9c04-2d2d904bd70e,1,1,52,0,0,0,1
e3c6e01c-532c-40b4-b125-ef4dd3b2472e,1,1,52,0,0,0,1
cffb2678-f37e-443e-9c5e-97c9c3187268,1,1,52,0,0,0,1
f76cb284-031f-4afe-8bf9-f9445a373172,1,1,52,0,0,0,1
641d7eef-5d90-4edc-a2da-d908ac04218d,1,1,52,0,0,0,1
54be1664-a803-44d5-b9a3-7e4df0e13be7,1,1,52,0,0,0,1
fc5daf87-5e57-4058-a237-9d2c219b0f0b,1,1,52,0,0,0,1
e459e664-b7ca-48e4-891c-4c8d0c78294e,1,1,52,0,0,0,1
23064bc6-89bc-44bc-a79e-7f48fd40c27a,1,1,52,0,0,0,1
d5f004fb-a775-43d1-b550-34a6fd47415b,1,1,52,0,0,0,1
90a5e7bd-0af8-49e3-915e-0cede6daeb42,1,1,52,0,0,0,1
c6722700-51c9-45f6-9062-bcf5bef9a651,1,1,52,0,0,0,1
1387f2aa-f6fc-4d25-b47c-60a775ef1435,1,1,52,0,0,0,1
7a09d190-d5f5-49a9-88ff-e41942e5e6df,1,1,52,0,0,0,1
6cf1a4dd-4d80-4119-9654-6013e994dd11,1,1,52,0,0,0,1
b09701a1-f088-4f5f-bb64-a53eeec96d3e,1,1,52,0,0,0,1
68d3fa37-1059-4b90-94a4-2ff059333796,1,1,52,0,0,0,1
6a477b18-0b62-4f29-bc5a-18d6f0337fb9,1,1,52,0,0,0,1
93d71975-b555-46b8-b01b-19bd01c67505,1,1,52,0,0,0,1
a4a19d1c-4753-4dfc-9295-c5b136a0c4ac,1,1,52,0,0,0,1
abbe8c21-56f3-48d2-8384-4c47b689d405,1,1,52,0,0,0,1
c6c826bd-cec4-4899-aaad-ce3eda5d709e,1,1,52,0,0,0,1
e3c8699e-a56e-4fb2-842e-7a18facb5f1a,1,1,52,0,0,0,1
8a338e72-5f25-4304-bfd6-36db472c68cf,1,1,52,0,0,0,1
7598d230-bd69-442c-b665-c85cd8ad9170,1,1,52,0,0,0,1
b8df5ba0-5b9e-4ad0-a9b3-78bf5f6af870,1,1,52,0,0,0,1
cbda0a73-4ec9-43ba-8e79-3584c456e17d,1,1,52,0,0,0,1
564d10fc-aae3-4f72-827f-1332cb1a9426,1,1,52,0,0,0,1
98a3aadc-46f0-49e2-a27d-a1cbbeb40c74,1,1,52,0,0,0,1
41a3457b-4b56-44d0-9aa2-cc84b0d469b9,1,1,52,0,0,0,1
74a41f8a-8014-4078-914a-1e10e0c3b50e,1,1,52,0,0,0,1
9b999bbc-9cf6-498c-b08f-808aabf90784,1,1,52,0,0,0,1
bcc82818-2262-4392-a22b-4ca4f1e4164b,1,1,52,0,0,0,1
3fe38181-0e7f-4421-886e-7a7fbdab3f22,1,1,52,0,0,0,1
36f2786a-386f-4134-ad57-d54dc4f3f7af,1,1,52,0,0,0,1
42af1458-f4fb-4e24-ab72-f0b18771259c,1,1,52,0,0,0,1
32be2396-99e0-424c-85cf-21dff3eb236f,1,1,52,0,0,0,1
21c932c8-e8b2-4d03-a558-3a3e51cf20f5,1,1,52,0,0,0,1
97113356-53ab-4bd2-b6f0-749a78f670fc,1,1,52,0,0,0,1
a0c2d2f5-8249-4207-bd1a-cfcc9d3de94b,1,1,52,0,0,0,1
a4cef3bb-75d4-412b-993a-585e12ec1399,1,1,52,0,0,0,1
ea35864c-5fcc-4efe-bd28-6f7da59e80eb,1,1,52,0,0,0,1
86b8ee5a-395d-4ef3-8782-66f7ed5a2223,1,1,52,0,0,0,1
be380a0d-bee5-4622-a6c3-51c61c692258,1,1,52,0,0,0,1
eab69ea0-2b8f-47bd-acd4-9d30faf01fc2,1,1,52,0,0,0,1
35f3dae4-66a1-44ce-9f1d-9fa4f8cc7bfb,1,1,52,0,0,0,1
74a3d1fe-cd34-483b-aeb9-ee0c0ed5c741,1,1,52,0,0,0,1
40cf9e63-2bfd-47d1-a479-af2a26d835a7,1,1,52,0,0,0,1
22129a99-c7b0-4193-8a01-3ae6a926d08f,1,1,52,0,0,0,1
53ab6d51-f09a-4eeb-9780-dbdfb6a8a344,1,1,52,0,0,0,1
715c3f97-42b4-43b9-a80d-b995835c1983,1,1,52,0,0,0,1
befce0a5-2153-4ea7-b4da-94d7add09a10,1,1,52,0,0,0,1
a7ba5c27-266f-4133-b41d-2e57f7cb214d,1,1,52,0,0,0,1
3965d8cf-5bbd-4398-baea-587ddcfcd143,1,1,52,0,0,0,1
15ed955f-899e-488c-95e8-1461cecb46c3,1,1,52,0,0,0,1
2ea9f8be-8a2c-49b5-b327-7b5f379d200b,1,1,52,0,0,0,1
e826711c-2f31-4aea-ba07-badfc421e5b7,1,1,52,0,0,0,1
e804c03a-2c9c-4168-ae22-a42647f9bd64,1,1,52,0,0,0,1
4a922010-5386-4b2a-809a-db0d220cd574,1,1,52,0,0,0,1
969905bc-86b9-4dd7-9065-5eade2e633c8,1,1,52,0,0,0,1
c3a8ed96-ff85-41ce-a3f5-e080163bfdf5,1,1,52,0,0,0,1
9aacc744-4cf0-47a4-a383-969a05941414,1,1,52,0,0,0,1
c00d4994-e846-4b2a-a55b-048dae38a6ef,1,1,52,0,0,0,1
ebaf94fc-9c07-46cb-83ac-6c8b2830d017,1,1,52,0,0,0,1
e8ca8224-5fba-4da5-8d4b-252ea99d2710,1,1,52,0,0,0,1
b0853c28-e5cf-4157-988e-1b13c4b475bb,1,1,52,0,0,0,1
d2ef7820-f754-4674-86a3-b37b93af649c,1,1,52,0,0,0,1
1f0b4a1a-d08d-4aac-af83-63b18cb3cf08,1,1,52,0,0,0,1
027b4bf0-c8b7-44ee-9c42-9f357bf65891,1,1,52,0,0,0,1
a07de887-510b-4a6b-bca4-b2966cc3e031,1,1,52,0,0,0,1
3750e487-77d2-4c72-a5b0-d2a593176e1a,1,1,52,0,0,0,1
527506c8-b459-44f3-a013-908f2782f85a,1,1,52,0,0,0,1
bdf165c0-3ce5-4428-8688-f7afe9ba659b,1,1,52,0,0,0,1
11f1fd95-076d-4572-b852-405931d0a0a3,1,1,52,0,0,0,1
0aa706a0-406c-4751-a0d3-2df3ea1b9c59,1,1,52,0,0,0,1
c7064060-695d-4ab0-bce7-c3b314f782e7,1,1,52,0,0,0,1
93fd991e-8e28-4705-8b84-9b707873275d,1,1,52,0,0,0,1
fed55baf-ec48-4fb5-afbf-e4c7fd1b3e1d,1,1,52,0,0,0,1
28ad5472-e3e0-4009-8021-396419bfaf4c,1,1,52,0,0,0,1
0b8f7132-39c2-4ad5-92a2-0157e3ab30b8,1,1,52,0,0,0,1
f03b12a4-6afb-448d-b198-5d75c60df894,1,1,52,0,0,0,1
attacker-a5cb08ca-8191-4e5d-bea8-56a4beee5ee3,1,1,147,0,0,0,1
csAgent-a9eaa3d8-c17f-4e39-b15d-cc3ed5893919,1,1,147,0,0,0,1
csAgent-5a2770fc-1074-4fb6-8bfa-49d1a1369df2,1,1,147,0,0,0,1
csAgent-f275511a-441f-44a5-a58f-6cbd2cecfdad,1,1,147,0,0,0,1
csAgent-29e039c9-db7a-44c9-8209-1a02c39163af,1,1,147,0,0,0,1
csAgent-a47ed40f-c1ff-41ba-bbab-686dd2ecf9eb,1,1,147,0,0,0,1
csAgent-1ab29602-2aea-4897-a3aa-07bb3eca9cb6,1,1,147,0,0,0,1
csAgent-00f671e4-ce50-41ef-a1af-2048a2fb4419,1,1,147,0,0,0,1
csAgent-c0f86432-44f3-41d7-8cef-b1f659403fb4,1,1,147,0,0,0,1
csAgent-29d0e741-c9b5-4dab-ae76-b3c3babf1380,1,1,147,0,0,0,1
csAgent-e5cc84da-7edc-465c-a901-81e6b13e1bc0,1,1,147,0,0,0,1
csAgent-771a0628-26b8-4d51-b9e3-7ad07a4232c9,1,1,147,0,0,0,1
csAgent-046fd043-a007-4e73-812f-3f7a8601d26d,1,1,147,0,0,0,1
csAgent-27eb854e-6ff3-405d-a903-f1da308404f0,1,1,147,0,0,0,1
csAgent-c2617a39-ec21-4fc3-9598-db414d988773,1,1,147,0,0,0,1
csAgent-7e253383-7aae-490f-8847-b7546a2575aa,1,1,147,0,0,0,1
csAgent-5b80494d-9b19-4358-9920-02776ded8130,1,1,147,0,0,0,1
csAgent-b102974d-b7b7-42e1-8290-152a0a1e6292,1,1,147,0,0,0,1
csAgent-6851a793-bc81-43a0-92ce-4e9710a65ec6,1,1,147,0,0,0,1
csAgent-ea642b4b-061b-40f5-ac0b-9acd66edaa42,1,1,147,0,0,0,1
f76cb284-031f-4afe-8bf9-f9445a373172,1,1,147,0,0,0,1
d5f004fb-a775-43d1-b550-34a6fd47415b,1,1,147,0,0,0,1
6cf1a4dd-4d80-4119-9654-6013e994dd11,1,1,147,0,0,0,1
7309b08e-1f74-4022-ba22-9e473018363d,1,1,147,0,0,0,1
8f6706da-74e2-40db-a1d4-6f5b1928db27,1,1,147,0,0,0,1
5b3d6cfe-63b8-4193-9d26-6954967b4a7b,1,1,147,0,0,0,1
bcc82818-2262-4392-a22b-4ca4f1e4164b,1,1,147,0,0,0,1
eab69ea0-2b8f-47bd-acd4-9d30faf01fc2,1,1,147,0,0,0,1
74a3d1fe-cd34-483b-aeb9-ee0c0ed5c741,1,1,147,0,0,0,1
22129a99-c7b0-4193-8a01-3ae6a926d08f,1,1,147,0,0,0,1
53ab6d51-f09a-4eeb-9780-dbdfb6a8a344,1,1,147,0,0,0,1
05b09668-7553-4597-84fe-8c3aebba8477,1,1,147,0,0,0,1
715c3f97-42b4-43b9-a80d-b995835c1983,1,1,147,0,0,0,1
a738e807-de22-4180-9cd4-5c803308db11,1,1,147,0,0,0,1
ebaf94fc-9c07-46cb-83ac-6c8b2830d017,1,1,147,0,0,0,1
e8ca8224-5fba-4da5-8d4b-252ea99d2710,1,1,147,0,0,0,1
764e8c99-e8aa-46e6-b578-acf90ace212d,1,1,147,0,0,0,1
027b4bf0-c8b7-44ee-9c42-9f357bf65891,1,1,147,0,0,0,1
a07de887-510b-4a6b-bca4-b2966cc3e031,1,1,147,0,0,0,1
bdf165c0-3ce5-4428-8688-f7afe9ba659b,1,1,147,0,0,0,1
c7064060-695d-4ab0-bce7-c3b314f782e7,1,1,147,0,0,0,1
f03b12a4-6afb-448d-b198-5d75c60df894,1,1,147,0,0,0,1
db2dfd3e-d9a9-40df-961f-2ebce309beef,1,1,82,0,0,0,1
ebe5d135-e68d-4ddf-8d1f-25269f314ee1,1,1,82,0,0,0,1
052ebfc1-fa36-4f76-a8bf-e02d5dc9b8a9,1,1,82,0,0,0,1
9418ea73-603f-4318-889f-71c1c73fbe76,1,1,82,0,0,0,1
3ba9abab-38c6-41f7-ba8a-6b1856c5b290,1,1,82,0,0,0,1
9f3db0f7-038a-4488-912d-95c4cb3ba911,1,1,82,0,0,0,1
a8eea8d8-177b-494b-a214-ae2e5287b715,1,1,82,0,0,0,1
3ea2d23c-181c-4a4b-8018-61b51fad2ade,1,1,82,0,0,0,1
8ad3d543-401a-4806-b1b0-4834777b932d,1,1,82,0,0,0,1
51a6c50a-8eb7-4972-99b7-13e7057786ab,1,1,82,0,0,0,1
e95ff953-47dc-44dd-aa16-f82b84346450,1,1,82,0,0,0,1
cb6981e1-fa16-4886-baa0-398c2d79eb2c,1,1,82,0,0,0,1
4273d5d2-fd66-41d7-a91b-26efe5ae1141,1,1,82,0,0,0,1
967d44eb-e851-4ccb-a9fa-8c27c9f2ad63,1,1,82,0,0,0,1
e8e69c81-faee-4f39-b3b6-40bf0cb013aa,1,1,82,0,0,0,1
a3e4ac47-564e-481f-9c61-e774859f25fc,1,1,82,0,0,0,1
6f115d02-8ca4-449e-b6f1-bcc5d30cb748,1,1,82,0,0,0,1
8732c2e9-9c73-4715-a800-ec00ec1146ca,1,1,82,0,0,0,1
1cf91384-a2ec-4900-8468-0804e569687a,1,1,82,0,0,0,1
46e65d56-04e3-4691-af10-fa3f668570db,1,1,82,0,0,0,1
aa001c53-35fb-4a73-9b3c-ae879c164bee,1,1,82,0,0,0,1
37d961c4-f2ae-412c-868e-fe9ee4325d93,1,1,82,0,0,0,1
3700cc17-8f20-4d21-a531-ded5a9e798c3,1,1,82,0,0,0,1
b62de89b-989c-449b-83c8-0e429d13fdf8,1,1,82,0,0,0,1
5c751265-4028-4019-b262-6fb0c6433de5,1,1,82,0,0,0,1
b56e440e-4a02-484c-8338-e3cff3df5475,1,1,82,0,0,0,1
4b43f93a-2f43-4d1b-b505-e0b62d5dd4a5,1,1,82,0,0,0,1
6ae6a760-3db0-4559-91c7-08572df7c70a,1,1,82,0,0,0,1
d495aecf-fd20-40a8-89e4-65d696454c8e,1,1,82,0,0,0,1
af6cbf60-6e4d-4d38-aa9e-9604419c3e49,1,1,82,0,0,0,1
07f81acd-3133-4ccd-bee2-cd222ccf5d4f,1,1,82,0,0,0,1
a010ad3d-b8ac-4409-b0a3-3d56c5c1a3be,1,1,82,0,0,0,1
3e544c20-d6d0-4b93-903b-5744b908ea45,1,1,82,0,0,0,1
01f93d4c-6058-4050-acb4-eab7c9b2f8d3,1,1,82,0,0,0,1
5b82e60e-e855-44d3-af88-37b0478a5d54,1,1,82,0,0,0,1
9f502a02-31bb-45f4-b0ef-dd312cb28fd3,1,1,82,0,0,0,1
3d71c9b6-f4fe-4425-8ffd-0c75ee5bd98f,1,1,82,0,0,0,1
bf807de0-73a7-4a74-957c-e5167481adfa,1,1,82,0,0,0,1
71a442ff-a9a8-4d99-aa0c-9cc25fbf3c6f,1,1,82,0,0,0,1
139451c2-96f9-444b-af00-8d006c624a69,1,1,82,0,0,0,1
3202cbac-a165-4fe4-ba3a-6ab829d093a2,1,1,82,0,0,0,1
1279b5ff-b90b-41ce-a018-62b00e399cf5,1,1,82,0,0,0,1
23be7d88-4e0b-458f-9d87-f87df0535b5f,1,1,82,0,0,0,1
9f1ccc02-5493-46e8-9e2d-06d750890c58,1,1,82,0,0,0,1
13e7537e-2a56-469a-841b-73fea7f1aa6c,1,1,82,0,0,0,1
e2eb5635-909d-4727-9e54-d756fc0684d8,1,1,82,0,0,0,1
7c741050-3ffb-473a-ba28-82d0e0695501,1,1,82,0,0,0,1
52885fd0-6b98-48cf-873e-30ac34aa8521,1,1,82,0,0,0,1
831a4355-ac82-404d-ba27-381e68a605fa,1,1,82,0,0,0,1
377786af-9fd2-46b3-ad82-1268d0e7dfe8,1,1,82,0,0,0,1
62f81aaf-acbc-4e39-a345-e5ef185baa7b,1,1,82,0,0,0,1
afe12c46-a037-416d-a160-c0a3ba8ab7f7,1,1,82,0,0,0,1
6c72830d-a227-4c0f-9351-f49819e27f78,1,1,82,0,0,0,1
ca81aba1-31e8-4b22-8b12-ccea2afe62a8,1,1,82,0,0,0,1
3c43bc4a-c6a1-4082-bfaa-328a63a9e82e,1,1,82,0,0,0,1
e6069ac4-a261-48d8-b705-9d46df0d6c2c,1,1,82,0,0,0,1
ba07a081-73e7-4d7b-8ad9-4ebb0935d619,1,1,82,0,0,0,1
40701cbb-bd6b-43df-9872-82c12389677b,1,1,82,0,0,0,1
2294434f-ba12-409e-96f3-73c10d5f6974,1,1,82,0,0,0,1
1a492bf7-587d-44b8-a698-98c6e1214558,1,1,82,0,0,0,1
49b7235e-dca2-4b3d-846e-9640a7f0e02a,1,1,82,0,0,0,1
5ceeb013-3833-44cc-b921-ac02b119dfd1,1,1,82,0,0,0,1
6c3a1f36-3e0b-42d5-ab33-a92df2b78286,1,1,82,0,0,0,1
adc0f499-a085-4746-94b3-efe737f35e8e,1,1,82,0,0,0,1
446f74b6-e988-423d-a01b-bf3b4edafb16,1,1,82,0,0,0,1
293d9011-b7fb-4f7f-b351-5f42d36f4d2c,1,1,82,0,0,0,1
5e8750e1-bc57-40b4-ae99-7adee2b90c77,1,1,82,0,0,0,1
603d7967-8df1-49c1-bb28-9a2b529a9d2e,1,1,82,0,0,0,1
42d4071b-4922-41a4-be16-1709721d3b9f,1,1,82,0,0,0,1
7a40e5c2-b4d4-45e1-bb30-2a393bdcb6ae,1,1,82,0,0,0,1
773d719b-702d-49dc-b2c7-8d061a6df7bf,1,1,82,0,0,0,1
b524edc0-f4f5-465a-a3bd-3889149e8c6b,1,1,82,0,0,0,1
6ab6301f-6036-4924-8c71-9f18500ed1a2,1,1,82,0,0,0,1
54f515f1-8297-4512-9a89-8655fe91e90e,1,1,82,0,0,0,1
808e85c5-68ba-4402-8a3e-05cfebaf65f5,1,1,82,0,0,0,1
6be11f0e-3c1e-4d85-86e1-245b8fab07db,1,1,82,0,0,0,1
2968924c-57d4-4d8f-ab59-b1ba6a0c109e,1,1,82,0,0,0,1
de629341-5fa0-427a-988a-5fe05bcde9a1,1,1,82,0,0,0,1
3fb7d80f-7bd7-40b1-a1a1-081443d262bf,1,1,82,0,0,0,1
1ed51a31-50e5-4117-938f-99260be54359,1,1,82,0,0,0,1
a0393dfd-eeef-4d27-8ebe-ff147210bfc0,1,1,82,0,0,0,1
fe42d87b-9858-4e2e-a549-be8a03a0e78f,1,1,82,0,0,0,1
c5ef62b2-ee36-449d-b1ba-044efe4cdfc9,1,1,82,0,0,0,1
f0643b2c-3e66-4d67-94fc-cb50bcdd1102,1,1,82,0,0,0,1
5581d21e-44f8-4eae-9023-1551679fc8a1,1,1,82,0,0,0,1
5c6d0546-9a63-408d-953f-7d53f3954784,1,1,82,0,0,0,1
3ca0444b-b2f2-4820-a0c9-ca55206972e9,1,1,82,0,0,0,1
3a05d315-c43d-48ae-bc70-869838c8a438,1,1,82,0,0,0,1
f66ecfa3-5754-4e92-86b4-4c38cd1ff642,1,1,82,0,0,0,1
55864570-6187-4a26-9abc-f8c7244254f4,1,1,82,0,0,0,1
528b0986-c815-479c-a8da-16d83f5449cc,1,1,82,0,0,0,1
0dbca259-c4b0-4541-a70d-21a2c03299b9,1,1,82,0,0,0,1
5a56fcde-efa4-49de-a944-366f68793976,1,1,82,0,0,0,1
f59227ce-c34a-4aaa-b494-1ca6ab62d625,1,1,82,0,0,0,1
244a5947-0724-4096-a6bd-279571d10c66,1,1,82,0,0,0,1
740ca386-315f-432a-a894-c1aef4630a38,1,1,82,0,0,0,1
001a8ce6-0586-4a36-862f-833106f690ea,1,1,82,0,0,0,1
3970a31f-b886-4a17-b2d7-224fc529f839,1,1,82,0,0,0,1
927a3c88-0f4c-492d-96d1-6838ec9aece5,1,1,82,0,0,0,1
78472e43-7557-44b1-9cbe-37975e479703,1,1,82,0,0,0,1
86338306-8a3b-4ea6-a2b6-d1cf97707815,1,1,82,0,0,0,1
f7006504-4284-4dd8-8828-b5c54d6492d4,1,1,82,0,0,0,1
86858d06-3af4-497b-bb29-e61763a1e063,1,1,82,0,0,0,1
075eca9a-339f-420f-85e5-b2ebdbf3ce14,1,1,82,0,0,0,1
f9a46ed6-0f45-4248-83a7-75490fbdf3fa,1,1,82,0,0,0,1
37e988c4-bd4d-42a1-a9f6-756d5835e7d6,1,1,82,0,0,0,1
260131fd-46f2-4c86-95c4-4103e4acaa7f,1,1,82,0,0,0,1
c1f3174e-53c0-4a02-b361-27d82b1cd603,1,1,82,0,0,0,1
ab20239c-2f42-4955-bc57-aef567a3f88a,1,1,82,0,0,0,1
c705c372-2fda-4d20-aef1-a017e5dd6559,1,1,82,0,0,0,1
86f8c64f-4a4d-4db0-80fd-f701e0673217,1,1,82,0,0,0,1
91b16dad-b4a0-4a7a-afa7-e80bfbb8a04a,1,1,82,0,0,0,1
9fd77241-a430-4402-8031-7576f637d9d1,1,1,82,0,0,0,1
a42f201c-1daa-4c7c-8092-f93ce7d25733,1,1,82,0,0,0,1
96e9064f-15fd-48d5-a53a-c812a8535e0a,1,1,82,0,0,0,1
3cfb2fe2-f2eb-445c-b708-d8bc675f7659,1,1,82,0,0,0,1
ba089023-dafd-430d-9724-72d22c274098,1,1,82,0,0,0,1
5b741ef0-7917-4820-a0d5-8ed575cb55d5,1,1,82,0,0,0,1
c04d6d20-edc5-453d-ba46-869221c003d8,1,1,82,0,0,0,1
e004829d-34e1-46b4-945b-824b39c0503b,1,1,82,0,0,0,1
csAgent-128892f2-39ca-41a5-970e-92d92c2b57f5,1,1,75,0,0,0,1
csAgent-00154a82-0142-4dad-8597-874576540ec1,1,1,75,0,0,0,1
csAgent-425d9f8b-42cc-4120-9293-373f8e5454b9,1,1,75,0,0,0,1
csAgent-1ab29602-2aea-4897-a3aa-07bb3eca9cb6,1,1,75,0,0,0,1
csAgent-45a533bc-1e98-42a0-a449-a3f7da26bf88,1,1,75,0,0,0,1
csAgent-eb31cedb-c245-4d54-b8ac-d08e9a7f6829,1,1,75,0,0,0,1
csAgent-f72f507d-9027-4f6b-9be0-1963b1ba3e21,1,1,75,0,0,0,1
csAgent-0b0b6a48-315a-4a7a-a26d-d7607a6403ef,1,1,75,0,0,0,1
csAgent-ee5c3028-8c66-42f4-856d-6e97ba23a66f,1,1,75,0,0,0,1
csAgent-50f4c6a3-cd29-49c3-922c-e29c0c84425b,1,1,75,0,0,0,1
csAgent-87eac159-4b55-4db0-8d8f-a200c7a85aeb,1,1,75,0,0,0,1
csAgent-9399b262-119b-4537-ad3b-9a13a0b9e583,1,1,75,0,0,0,1
csAgent-45696ecb-c231-4351-81b9-64f58a4da88e,1,1,75,0,0,0,1
csAgent-d235d860-4616-4607-915f-2dfe4d467c7d,1,1,75,0,0,0,1
csAgent-27eb854e-6ff3-405d-a903-f1da308404f0,1,1,75,0,0,0,1
csAgent-6ef25075-374e-44aa-802f-726bedc7799c,1,1,75,0,0,0,1
csAgent-4440431e-96f8-4c7a-8719-a35cde4358ea,1,1,75,0,0,0,1
csAgent-152c9f6e-970d-4917-bd39-12392b70d2a6,1,1,75,0,0,0,1
csAgent-7aa91562-df85-4ca5-8983-9b7312dd15e5,1,1,75,0,0,0,1
csAgent-b102974d-b7b7-42e1-8290-152a0a1e6292,1,1,75,0,0,0,1
csAgent-67e7e8aa-74b1-4953-bb60-815736a12445,1,1,75,0,0,0,1
cffb2678-f37e-443e-9c5e-97c9c3187268,1,1,75,0,0,0,1
dcc3a756-319a-4131-afe1-ef3a30137ea1,1,1,75,0,0,0,1
54be1664-a803-44d5-b9a3-7e4df0e13be7,1,1,75,0,0,0,1
6cf1a4dd-4d80-4119-9654-6013e994dd11,1,1,75,0,0,0,1
9145944c-56df-4742-82fd-b270d2717137,1,1,75,0,0,0,1
abbe8c21-56f3-48d2-8384-4c47b689d405,1,1,75,0,0,0,1
e3c8699e-a56e-4fb2-842e-7a18facb5f1a,1,1,75,0,0,0,1
aa9c8841-aeb2-4493-a6e8-7519f9a25c67,1,1,75,0,0,0,1
04db8092-5b5f-48e5-9f81-0e7e429d598e,1,1,75,0,0,0,1
57f84021-0910-4a22-b07d-9f34b9c0bbdd,1,1,75,0,0,0,1
32be2396-99e0-424c-85cf-21dff3eb236f,1,1,75,0,0,0,1
86b8ee5a-395d-4ef3-8782-66f7ed5a2223,1,1,75,0,0,0,1
74a3d1fe-cd34-483b-aeb9-ee0c0ed5c741,1,1,75,0,0,0,1
05b09668-7553-4597-84fe-8c3aebba8477,1,1,75,0,0,0,1
2ea9f8be-8a2c-49b5-b327-7b5f379d200b,1,1,75,0,0,0,1
4a922010-5386-4b2a-809a-db0d220cd574,1,1,75,0,0,0,1
84b759f4-108b-4310-9da7-d5b52636817f,1,1,75,0,0,0,1
9d1bb760-6efe-4ebb-8e71-f5524a0a6c6a,1,1,75,0,0,0,1
027b4bf0-c8b7-44ee-9c42-9f357bf65891,1,1,75,0,0,0,1
93fd991e-8e28-4705-8b84-9b707873275d,1,1,75,0,0,0,1
28ad5472-e3e0-4009-8021-396419bfaf4c,1,1,75,0,0,0,1
45114238-520b-4000-a9f9-202c165dd08b,1,1,75,0,0,0,1
db2dfd3e-d9a9-40df-961f-2ebce309beef,1,1,75,0,0,0,1
3ea2d23c-181c-4a4b-8018-61b51fad2ade,1,1,75,0,0,0,1
8ad3d543-401a-4806-b1b0-4834777b932d,1,1,75,0,0,0,1
e95ff953-47dc-44dd-aa16-f82b84346450,1,1,75,0,0,0,1
cb6981e1-fa16-4886-baa0-398c2d79eb2c,1,1,75,0,0,0,1
4273d5d2-fd66-41d7-a91b-26efe5ae1141,1,1,75,0,0,0,1
967d44eb-e851-4ccb-a9fa-8c27c9f2ad63,1,1,75,0,0,0,1
a4d3b7c9-c02d-43b5-97de-e58b621f5e94,1,1,75,0,0,0,1
00854078-d146-4a2c-bc33-c9ed5a92f71a,1,1,75,0,0,0,1
3700cc17-8f20-4d21-a531-ded5a9e798c3,1,1,75,0,0,0,1
b62de89b-989c-449b-83c8-0e429d13fdf8,1,1,75,0,0,0,1
b9da9a7b-5ae8-4f99-a15b-7d10a8a6f948,1,1,75,0,0,0,1
5c751265-4028-4019-b262-6fb0c6433de5,1,1,75,0,0,0,1
6ae6a760-3db0-4559-91c7-08572df7c70a,1,1,75,0,0,0,1
01f93d4c-6058-4050-acb4-eab7c9b2f8d3,1,1,75,0,0,0,1
db4b00cc-aaa7-4a48-aad9-b1ebb52220ea,1,1,75,0,0,0,1
8095fe48-2c6d-435a-a3ca-0e12a13cfaa3,1,1,75,0,0,0,1
e2eb5635-909d-4727-9e54-d756fc0684d8,1,1,75,0,0,0,1
327c7c45-a8b3-499d-bdc5-03da13c627f0,1,1,75,0,0,0,1
7c741050-3ffb-473a-ba28-82d0e0695501,1,1,75,0,0,0,1
53f68f0b-d8f2-4e0f-8df9-5bfc49467223,1,1,75,0,0,0,1
2294434f-ba12-409e-96f3-73c10d5f6974,1,1,75,0,0,0,1
b808dbce-2ea3-4a01-a4c5-ecf2b4cb6208,1,1,75,0,0,0,1
5ceeb013-3833-44cc-b921-ac02b119dfd1,1,1,75,0,0,0,1
603d7967-8df1-49c1-bb28-9a2b529a9d2e,1,1,75,0,0,0,1
6be11f0e-3c1e-4d85-86e1-245b8fab07db,1,1,75,0,0,0,1
1ed51a31-50e5-4117-938f-99260be54359,1,1,75,0,0,0,1
fe42d87b-9858-4e2e-a549-be8a03a0e78f,1,1,75,0,0,0,1
528b0986-c815-479c-a8da-16d83f5449cc,1,1,75,0,0,0,1
075eca9a-339f-420f-85e5-b2ebdbf3ce14,1,1,75,0,0,0,1
15e295cc-95b1-4147-8be4-db2d94d6bc58,1,1,75,0,0,0,1
86f8c64f-4a4d-4db0-80fd-f701e0673217,1,1,75,0,0,0,1
91b16dad-b4a0-4a7a-afa7-e80bfbb8a04a,1,1,75,0,0,0,1
d0a8d76e-d081-4071-bd00-ccc7c7065c38,1,1,75,0,0,0,1
5ab71d64-22b8-48e8-ac52-044149ff321b,1,1,76,0,0,0,1
4a3c15f4-e931-4d8b-9b6c-de975e9a8817,1,1,76,0,0,0,1
f7dbda4d-adbe-4dd6-b064-20442f73d969,1,1,76,0,0,0,1
c1ec3f34-d19c-438b-949e-8216c519433b,1,1,76,0,0,0,1
26b750a8-deb8-4e44-9bf4-e2dd5fc8c30d,1,1,76,0,0,0,1
153fb61d-65e4-40b7-a18d-46090fab0511,1,1,76,0,0,0,1
2ec72ab4-02f7-42f1-b49e-2302c25541f1,1,1,76,0,0,0,1
d946ce77-7556-41c2-9f4c-38b519d40d15,1,1,76,0,0,0,1
a55ad321-644d-465d-b7a0-f3b045e5b272,1,1,76,0,0,0,1
1de9aa41-2da5-4036-b198-1a4708a14701,1,1,76,0,0,0,1
7dd80852-1027-4665-aac9-98526020fc10,1,1,76,0,0,0,1
28f34ca8-9539-49bb-8833-7bff93f86bc6,1,1,76,0,0,0,1
36a04f07-6a19-4a2e-9fe5-c2402e502c8d,1,1,76,0,0,0,1
c960a612-5712-46a4-89f3-bec616d2a488,1,1,76,0,0,0,1
51593185-5012-4038-b6dc-8fcbbd43b86d,1,1,76,0,0,0,1
063286c9-619d-4c3b-9f33-99b7cb62f08e,1,1,76,0,0,0,1
1cafbba9-ad3f-4044-bb2b-737e4546056c,1,1,76,0,0,0,1
b869e77e-5e2e-4b92-9260-c3f90f731fd3,1,1,76,0,0,0,1
2ba20932-aa78-4539-b070-b4fc9fc555eb,1,1,76,0,0,0,1
59219552-7459-4a6c-8b0b-d72620827835,1,1,76,0,0,0,1
4aab17f7-91fe-47bc-bb53-5a527475520c,1,1,76,0,0,0,1
08062038-64a5-4953-95bc-febf5076fa39,1,1,76,0,0,0,1
e4d161a6-d065-412e-8393-bef40e1579fb,1,1,76,0,0,0,1
1b7e9fac-49fb-4bc2-b5cb-da576c37c12b,1,1,76,0,0,0,1
7b127641-5f1e-4493-b32c-b3c1d89500ed,1,1,76,0,0,0,1
eb854921-41e5-4b50-b691-13bcd8803951,1,1,76,0,0,0,1
2ffcd492-d4cb-4189-a2c4-8e4eae6bc0d7,1,1,76,0,0,0,1
a67918d3-d1f4-4c2a-8b25-f2f2d1a6467e,1,1,76,0,0,0,1
d9c95dd5-7677-4e02-b388-12202c93739d,1,1,76,0,0,0,1
85c62ee3-8754-435d-bce2-9a7903715528,1,1,76,0,0,0,1
e9367f13-5eec-4dcb-a3e3-53419b405a8f,1,1,76,0,0,0,1
98b813db-53be-4904-8a49-84f6a58bd8f6,1,1,76,0,0,0,1
ae128a09-3966-485d-9def-977191539fe4,1,1,76,0,0,0,1
7aa38142-a791-43e9-87a1-ef51c9c278a5,1,1,76,0,0,0,1
13993ced-4c88-4063-acb0-d5776f39add2,1,1,76,0,0,0,1
06da9a3a-e8ea-4660-9b27-502959ad9d56,1,1,76,0,0,0,1
88f49a91-3178-4c99-aff2-f4e491fae145,1,1,76,0,0,0,1
eabe2af0-224f-469f-a9b5-ad39dbde07e8,1,1,76,0,0,0,1
f6e4d98e-1c66-42df-b689-ba6df2cfc146,1,1,76,0,0,0,1
6c8f0f6f-10d0-4f4f-b5a3-1dd9ef010aa6,1,1,76,0,0,0,1
5431affe-1f08-49f5-b6c4-7fb2739665d4,1,1,76,0,0,0,1
fe9b64a5-f4aa-4a0b-9529-96ba075f26ae,1,1,76,0,0,0,1
7724c4d4-aafb-4d4e-a904-9528d78ea445,1,1,76,0,0,0,1
48d2424e-e8e7-4244-84f9-52a74d82b156,1,1,76,0,0,0,1
f2dc39ec-6336-4468-9d35-ef7ff678e99f,1,1,76,0,0,0,1
f707dc3a-aede-42ff-95d1-747e26fbe70a,1,1,76,0,0,0,1
dcc84ef4-5485-4aaa-8a93-c03e9cb6480a,1,1,76,0,0,0,1
11fcadbc-f145-4d6c-bb12-1d8ea99c2ad6,1,1,76,0,0,0,1
fc7aed2e-31bd-45cb-a526-c6f735dc36d5,1,1,76,0,0,0,1
5a79e687-52c1-4966-b555-44694a3eeeb6,1,1,76,0,0,0,1
cb61e487-3bda-4f31-bb6b-8f36adec4e12,1,1,76,0,0,0,1
56ba44f4-f17a-4352-af35-ea104bef9a56,1,1,76,0,0,0,1
c40a0c7b-ae59-41b4-ad0c-16239fd7a1a3,1,1,76,0,0,0,1
06ebbc28-8953-44d3-a5f6-da9205120fe1,1,1,76,0,0,0,1
a68cd5f4-a87e-4a1a-9317-7914301b0d7e,1,1,76,0,0,0,1
3d4fbe4c-865b-446d-bad8-d16f87c37832,1,1,76,0,0,0,1
f7d161cb-778b-4071-a11b-ce591d778ae3,1,1,76,0,0,0,1
72a19f6a-6109-4e12-abd6-35b405eb2782,1,1,76,0,0,0,1
cc15d2ef-cfed-4dc6-a232-e69ab587051c,1,1,76,0,0,0,1
4b56ffb4-5fb4-476b-98c8-daa030b71490,1,1,76,0,0,0,1
1ca9a8f1-ab9e-4080-a571-a1709889184e,1,1,76,0,0,0,1
64554c72-159c-4ca2-a47e-88960c4bc5cf,1,1,76,0,0,0,1
2f7561df-0202-4c64-be39-1cb554eaf6a1,1,1,76,0,0,0,1
1ead7138-7e3d-434e-b2ce-6ea4f3821943,1,1,76,0,0,0,1
477ca45f-15ce-4c67-ac5b-53fbe18aeac3,1,1,76,0,0,0,1
b9043c2f-2e8c-4764-8bb1-7a117169ff4e,1,1,76,0,0,0,1
d34c642d-71fd-431a-89e3-27b13b868e49,1,1,76,0,0,0,1
14b78da7-708f-460b-b577-55f56af27bd2,1,1,76,0,0,0,1
ed059e94-5098-46af-a053-ae3460a6b968,1,1,76,0,0,0,1
9ce7424e-54f3-435a-b36c-e74ca7da0743,1,1,76,0,0,0,1
5f5933d1-3618-419a-b71b-790abd172395,1,1,76,0,0,0,1
9997e09b-e405-4668-bb72-01ca949613e6,1,1,76,0,0,0,1
41c1a28b-cb63-432d-b23e-56d1416855b4,1,1,76,0,0,0,1
07eb33d9-9949-45c1-8190-507c503b12dd,1,1,76,0,0,0,1
91afba1c-1eeb-44b6-ad51-c34d39df8f23,1,1,76,0,0,0,1
97e443ba-0377-4aef-a21a-81969768aae5,1,1,76,0,0,0,1
72c6d01c-e4ca-4fd5-bc68-9cb1f18b4a51,1,1,76,0,0,0,1
808c4341-3dd1-4b88-a62c-b72af403dafd,1,1,76,0,0,0,1
e09d9938-3773-49fd-8e86-f7714ed9fa3a,1,1,76,0,0,0,1
06601c8c-bf89-4743-9638-3f6e7c1a6be6,1,1,76,0,0,0,1
edd602e7-a79f-4579-b2d6-60adc4607c4a,1,1,76,0,0,0,1
1b591ccd-1fc0-49dc-84e9-c1332fb85cec,1,1,76,0,0,0,1
54976cf3-e6ba-4b43-bb3a-66f20464e2ff,1,1,76,0,0,0,1
b3003d73-2ee2-4975-b96a-10a2d74c7d85,1,1,76,0,0,0,1
cba1fd78-4752-4f2e-b971-a8f12f6cb151,1,1,76,0,0,0,1
cf264c17-a2ea-448e-a3ef-39797551e738,1,1,76,0,0,0,1
e3c8a784-665d-4794-b411-ca924319a082,1,1,76,0,0,0,1
9ff0720d-2b15-4e2f-a10e-58e9ef999294,1,1,76,0,0,0,1
ddbd5e07-e3b3-4c95-89bf-e98cdc976458,1,1,76,0,0,0,1
51929e64-dd78-495e-b5c3-458373336efc,1,1,76,0,0,0,1
b65af5d1-b762-434c-83e9-1e83fd89a8ae,1,1,76,0,0,0,1
f53885f9-465c-467e-9f0a-29bf99c84b87,1,1,76,0,0,0,1
65cca939-7de1-40fd-a23c-9c311f70f4de,1,1,76,0,0,0,1
c65a85ec-e13b-4373-960d-6a519ff4e757,1,1,76,0,0,0,1
b8561c92-be6f-4468-9dc5-23462f872fb3,1,1,76,0,0,0,1
dc633bd6-3b53-48bc-aa35-b8e95ead4b63,1,1,76,0,0,0,1
eef575d1-17f5-4cd1-ac9a-61deaec68a79,1,1,76,0,0,0,1
ab694980-6139-4a0a-a8d0-76394886fa31,1,1,76,0,0,0,1
17aeb185-e852-4f60-84b6-0e09b066d360,1,1,76,0,0,0,1
6fb58340-c8ca-4e6a-a6a0-87380c4c37d7,1,1,76,0,0,0,1
7ed5f1c8-d5ec-41c9-a546-ddc9c57a2e99,1,1,76,0,0,0,1
503dc5b0-f2c9-4a40-a50d-e4b6ea8ade52,1,1,76,0,0,0,1
3e4fb4a8-1cd5-428d-8970-403b96e36653,1,1,76,0,0,0,1
24db6937-2445-4b93-9da1-bebba052956b,1,1,76,0,0,0,1
be20ace6-e83c-462f-97c0-454489d97795,1,1,76,0,0,0,1
9ae6f926-6e6d-480d-b71a-2c1a0756f969,1,1,76,0,0,0,1
b00940e0-1a61-417e-b3e6-0dd9610dce7e,1,1,76,0,0,0,1
8c5ccf99-f38f-4f67-985d-108e175dd27b,1,1,76,0,0,0,1
a0507e9e-cf07-46bc-b744-9ebdb5ff526f,1,1,76,0,0,0,1
8c405cdd-9486-4639-9e1e-6937dcc557c5,1,1,76,0,0,0,1
9fdd7fec-3019-4bcb-8086-878317e67b24,1,1,76,0,0,0,1
d8052f0c-f14c-45e1-afdf-7b384622a198,1,1,76,0,0,0,1
10977d6d-02fa-4b87-b6b5-8f87c49f0fba,1,1,76,0,0,0,1
5793f6b3-0ef7-43f7-9589-e082835e9d7e,1,1,76,0,0,0,1
abd8619d-7dfb-4954-9144-7db2ba2c9f3a,1,1,76,0,0,0,1
c4302385-fad9-43cc-a9bc-1cf8e87800a3,1,1,76,0,0,0,1
bb7075f3-ea60-48dc-a240-3bf9b1b44f27,1,1,76,0,0,0,1
0763bf12-51c0-4cb6-8576-d2e40b63233b,1,1,76,0,0,0,1
b758541b-b293-47c5-9a0a-6f0382075017,1,1,76,0,0,0,1
73dd248b-32ca-48c6-a92d-d62ca2813caf,1,1,76,0,0,0,1
f4b0e3af-dfc7-4e3f-8b04-70232406d2fb,1,1,76,0,0,0,1
9fdb4923-b5d6-4ce4-9053-02c27778d8a4,1,1,76,0,0,0,1
7608f4d0-9f2e-4bdb-b818-f41ba6d2a40b,1,1,76,0,0,0,1
467a014c-ba53-4f3b-aa76-0659bd9943e1,1,1,76,0,0,0,1
a3aeff6e-3d8c-4cf3-804a-a5dc430cc4b2,1,1,76,0,0,0,1
dffafc00-dcdc-4c0b-bb6f-47e0a9695876,1,1,76,0,0,0,1
761996f9-6300-4fcb-99f0-825ec1f63d15,1,1,76,0,0,0,1
a73f9b6c-e490-4a94-9258-0d955a394121,1,1,76,0,0,0,1
270f6a7c-08fd-48c1-8234-746c0b81ac99,1,1,76,0,0,0,1
b9cd0dab-8335-439b-bb41-3c8370a1187c,1,1,76,0,0,0,1
13f19c62-3238-4212-ac48-41ae7d14dc9a,1,1,76,0,0,0,1
fda3a162-21c2-4a25-b029-9b6b0363190c,1,1,76,0,0,0,1
3c724112-1606-4c94-9b97-8fbf0869424f,1,1,76,0,0,0,1
86c2ddc3-5bf5-4dde-9c39-6f7a65bbb8b3,1,1,76,0,0,0,1
38f2d93d-9699-4150-9b2a-f9004e9dc09c,1,1,76,0,0,0,1
c4246798-fa52-48a1-9efd-4a7583c71aa8,1,1,76,0,0,0,1
cafe0b3a-efde-489a-afdd-dfb12109e78d,1,1,76,0,0,0,1
20ff9a09-9a30-4d50-9e3a-558c7e99dd59,1,1,76,0,0,0,1
0642a978-34d0-44b2-87d6-9f2c044137d9,1,1,76,0,0,0,1
be1a8aca-7092-4803-886e-b7d542c23849,1,1,76,0,0,0,1
38cbe562-d60a-4b2b-aeaa-a4bca36cdf44,1,1,76,0,0,0,1
91d38172-ce3b-4d1e-85eb-57796da0240a,1,1,76,0,0,0,1
35a18b61-8348-46f8-ac9e-bcc27190a861,1,1,76,0,0,0,1
064a3ef6-5dd3-48a2-82aa-632dc5366f57,1,1,76,0,0,0,1
60183cc4-0f80-44a0-9477-0464f2a0f718,1,1,76,0,0,0,1
a454f8ba-1c2e-4986-a2ed-45398359c80a,1,1,76,0,0,0,1
cef2fd39-6d4d-4043-b5f2-9a7fedd7b6c2,1,1,76,0,0,0,1
4f216a44-8241-49d9-9fe7-2ad34458e60f,1,1,76,0,0,0,1
81245bf4-f05f-4a34-98de-8879c3e707da,1,1,76,0,0,0,1
d00303fa-214d-4a8c-a710-a3f32df9f54a,1,1,76,0,0,0,1
dfe4b77d-fd6f-4571-8863-f05355fa3e12,1,1,76,0,0,0,1
878a3585-aba0-4ac4-a0bf-6c171e00c5c2,1,1,76,0,0,0,1
77e04f51-111a-400a-8bbc-65d46075efb4,1,1,76,0,0,0,1
ecb7afbf-80f7-4fb2-9926-c6946f05c453,1,1,76,0,0,0,1
65180d9f-f339-4f03-ba12-f9f9790f6b77,1,1,76,0,0,0,1
3850400f-76a6-4e1d-a75d-a48c204eaa2a,1,1,76,0,0,0,1
66bdbfed-4ba7-4868-95f3-b9b0b3a850d6,1,1,76,0,0,0,1
72e1533e-046f-489c-ae6f-57f8cf3d604a,1,1,76,0,0,0,1
1ece3afe-715d-40d9-ae6a-2bc476cf9b61,1,1,76,0,0,0,1
1c7d394a-11c3-4f92-ab1e-66a6fefdf82c,1,1,76,0,0,0,1
51bdc425-07ce-4564-bfee-7b64f37a7575,1,1,76,0,0,0,1
ff2bff8b-6ed9-4db7-bc15-26f680671acb,1,1,76,0,0,0,1
6bfeb3c4-f63c-4d09-9962-56c152a667d4,1,1,76,0,0,0,1
7f1de5b7-8766-496c-8415-06090fbda15c,1,1,76,0,0,0,1
52db53b1-368e-40f9-a160-baf3b7ef6e11,1,1,76,0,0,0,1
69ae072e-2aa1-4a7d-9e74-4f7f08407e26,1,1,76,0,0,0,1
51c7385c-1f82-40b4-8cb8-54bf08036d25,1,1,76,0,0,0,1
d0db4bb0-0d91-424e-aee4-c8ab57908234,1,1,76,0,0,0,1
6d985ec8-d382-4445-ba1e-6093aac1f553,1,1,76,0,0,0,1
0964195f-3939-44fe-8593-a5e395fdac56,1,1,76,0,0,0,1
669f2aaa-c4b5-4119-82aa-b769858f8455,1,1,76,0,0,0,1
d321b88e-7b07-4489-9c0b-c2f8305936f1,1,1,76,0,0,0,1
1df2d2ce-3d46-4cfb-946b-784573499ba2,1,1,76,0,0,0,1
77ba28b4-d85f-4287-894f-7fa3ec5fbc5b,1,1,76,0,0,0,1
2679b2b2-9d9b-4ca9-82b2-dbaf92f5ba57,1,1,76,0,0,0,1
ba0173ef-2fd8-4c5a-a9d0-58e4a184202c,1,1,76,0,0,0,1
b6e70ca9-540e-4526-97dd-c667b2731093,1,1,76,0,0,0,1
900c06ea-c1d3-421e-a6c5-9ae1aa91f419,1,1,76,0,0,0,1
e4b4bac2-8aa3-4402-a86b-f23152cca4e1,1,1,76,0,0,0,1
eb8a10ad-b477-4be6-b92c-a9f2dc11d72b,1,1,76,0,0,0,1
6027c554-868b-474a-a583-d3f375901a6f,1,1,76,0,0,0,1
e62c2f6a-1060-4283-9769-bfa02c528891,1,1,76,0,0,0,1
fba72cdf-5b74-4f83-acc6-335f9f7bacd3,1,1,76,0,0,0,1
csAgent-ec0f3652-3ddf-41af-9746-fc91b02dd190,1,1,160,0,0,0,1
csAgent-a9eaa3d8-c17f-4e39-b15d-cc3ed5893919,1,1,160,0,0,0,1
csAgent-f275511a-441f-44a5-a58f-6cbd2cecfdad,1,1,160,0,0,0,1
csAgent-22b69bf1-1fe5-4de2-a510-8386d9346baf,1,1,160,0,0,0,1
csAgent-5874acc7-f220-47a6-936b-161b76bcfe0d,1,1,160,0,0,0,1
csAgent-88f4e501-530c-40a5-aed0-9f5f9146cfdc,1,1,160,0,0,0,1
csAgent-046fd043-a007-4e73-812f-3f7a8601d26d,1,1,160,0,0,0,1
csAgent-93dab3ea-96de-40c7-9774-7b52811b2318,1,1,160,0,0,0,1
csAgent-50f4c6a3-cd29-49c3-922c-e29c0c84425b,1,1,160,0,0,0,1
csAgent-d235d860-4616-4607-915f-2dfe4d467c7d,1,1,160,0,0,0,1
csAgent-b92bcbb7-078c-42a5-a094-9d7f47e4a7be,1,1,160,0,0,0,1
csAgent-92a341bf-47e4-4d70-87b5-224af623caa8,1,1,160,0,0,0,1
csAgent-68b9909a-cced-4c35-b330-6b1d24ad4fb1,1,1,160,0,0,0,1
csAgent-b102974d-b7b7-42e1-8290-152a0a1e6292,1,1,160,0,0,0,1
csAgent-78fd0bed-5047-4cd4-804b-33ffccd3f06b,1,1,160,0,0,0,1
e3c6e01c-532c-40b4-b125-ef4dd3b2472e,1,1,160,0,0,0,1
f7cc41af-8a6e-460a-8969-7649ee845b8d,1,1,160,0,0,0,1
641d7eef-5d90-4edc-a2da-d908ac04218d,1,1,160,0,0,0,1
23064bc6-89bc-44bc-a79e-7f48fd40c27a,1,1,160,0,0,0,1
d5f004fb-a775-43d1-b550-34a6fd47415b,1,1,160,0,0,0,1
7a09d190-d5f5-49a9-88ff-e41942e5e6df,1,1,160,0,0,0,1
68d3fa37-1059-4b90-94a4-2ff059333796,1,1,160,0,0,0,1
93d71975-b555-46b8-b01b-19bd01c67505,1,1,160,0,0,0,1
abbe8c21-56f3-48d2-8384-4c47b689d405,1,1,160,0,0,0,1
9bb841ad-edd1-42b6-aa4f-52301f587a33,1,1,160,0,0,0,1
3fe38181-0e7f-4421-886e-7a7fbdab3f22,1,1,160,0,0,0,1
36f2786a-386f-4134-ad57-d54dc4f3f7af,1,1,160,0,0,0,1
21c932c8-e8b2-4d03-a558-3a3e51cf20f5,1,1,160,0,0,0,1
ea35864c-5fcc-4efe-bd28-6f7da59e80eb,1,1,160,0,0,0,1
74a3d1fe-cd34-483b-aeb9-ee0c0ed5c741,1,1,160,0,0,0,1
715c3f97-42b4-43b9-a80d-b995835c1983,1,1,160,0,0,0,1
befce0a5-2153-4ea7-b4da-94d7add09a10,1,1,160,0,0,0,1
3965d8cf-5bbd-4398-baea-587ddcfcd143,1,1,160,0,0,0,1
969905bc-86b9-4dd7-9065-5eade2e633c8,1,1,160,0,0,0,1
e9fb0d47-b075-4909-ba52-7d782921fa7c,1,1,160,0,0,0,1
a738e807-de22-4180-9cd4-5c803308db11,1,1,160,0,0,0,1
e8ca8224-5fba-4da5-8d4b-252ea99d2710,1,1,160,0,0,0,1
1f0b4a1a-d08d-4aac-af83-63b18cb3cf08,1,1,160,0,0,0,1
9d1bb760-6efe-4ebb-8e71-f5524a0a6c6a,1,1,160,0,0,0,1
96293872-b8e2-4577-823e-2fd2a0c75ece,1,1,160,0,0,0,1
45114238-520b-4000-a9f9-202c165dd08b,1,1,160,0,0,0,1
e95ff953-47dc-44dd-aa16-f82b84346450,1,1,160,0,0,0,1
a4d3b7c9-c02d-43b5-97de-e58b621f5e94,1,1,160,0,0,0,1
8732c2e9-9c73-4715-a800-ec00ec1146ca,1,1,160,0,0,0,1
b9da9a7b-5ae8-4f99-a15b-7d10a8a6f948,1,1,160,0,0,0,1
b56e440e-4a02-484c-8338-e3cff3df5475,1,1,160,0,0,0,1
07f81acd-3133-4ccd-bee2-cd222ccf5d4f,1,1,160,0,0,0,1
1a1e2b64-3ab2-4715-a5d8-971beba6d7d8,1,1,160,0,0,0,1
5b82e60e-e855-44d3-af88-37b0478a5d54,1,1,160,0,0,0,1
3d71c9b6-f4fe-4425-8ffd-0c75ee5bd98f,1,1,160,0,0,0,1
db4b00cc-aaa7-4a48-aad9-b1ebb52220ea,1,1,160,0,0,0,1
1279b5ff-b90b-41ce-a018-62b00e399cf5,1,1,160,0,0,0,1
8095fe48-2c6d-435a-a3ca-0e12a13cfaa3,1,1,160,0,0,0,1
327c7c45-a8b3-499d-bdc5-03da13c627f0,1,1,160,0,0,0,1
464f97dd-9286-4537-a75b-f15239998b34,1,1,160,0,0,0,1
831a4355-ac82-404d-ba27-381e68a605fa,1,1,160,0,0,0,1
ca81aba1-31e8-4b22-8b12-ccea2afe62a8,1,1,160,0,0,0,1
adc0f499-a085-4746-94b3-efe737f35e8e,1,1,160,0,0,0,1
5e8750e1-bc57-40b4-ae99-7adee2b90c77,1,1,160,0,0,0,1
54f515f1-8297-4512-9a89-8655fe91e90e,1,1,160,0,0,0,1
3fb7d80f-7bd7-40b1-a1a1-081443d262bf,1,1,160,0,0,0,1
0e93d2bc-1526-4aac-b3ab-c81a4d2ea71b,1,1,160,0,0,0,1
f0643b2c-3e66-4d67-94fc-cb50bcdd1102,1,1,160,0,0,0,1
e966ce9f-8d40-4173-b3c0-f9624a68220e,1,1,160,0,0,0,1
244a5947-0724-4096-a6bd-279571d10c66,1,1,160,0,0,0,1
6c99d130-3af0-4491-ab38-94aa1837bdcb,1,1,160,0,0,0,1
78472e43-7557-44b1-9cbe-37975e479703,1,1,160,0,0,0,1
f73014a5-0dc4-4a7b-b096-b07f0c0a3cda,1,1,160,0,0,0,1
f7006504-4284-4dd8-8828-b5c54d6492d4,1,1,160,0,0,0,1
260131fd-46f2-4c86-95c4-4103e4acaa7f,1,1,160,0,0,0,1
9bfb1459-e995-4f24-be95-09138131eddf,1,1,160,0,0,0,1
57c2f6b2-f757-47e4-bc1d-6adf248b5cbd,1,1,160,0,0,0,1
64050209-ea49-4c66-863a-bc06f1db5f12,1,1,160,0,0,0,1
f159e1ef-e724-45f7-9992-a75350e327be,1,1,160,0,0,0,1
661eb52d-66aa-49fe-9325-c9db226670c4,1,1,160,0,0,0,1
25ec7b3d-e5de-43a4-9de8-6eeeb6294edc,1,1,160,0,0,0,1
e4d161a6-d065-412e-8393-bef40e1579fb,1,1,160,0,0,0,1
2ffcd492-d4cb-4189-a2c4-8e4eae6bc0d7,1,1,160,0,0,0,1
ae128a09-3966-485d-9def-977191539fe4,1,1,160,0,0,0,1
f6e4d98e-1c66-42df-b689-ba6df2cfc146,1,1,160,0,0,0,1
6c8f0f6f-10d0-4f4f-b5a3-1dd9ef010aa6,1,1,160,0,0,0,1
5431affe-1f08-49f5-b6c4-7fb2739665d4,1,1,160,0,0,0,1
7724c4d4-aafb-4d4e-a904-9528d78ea445,1,1,160,0,0,0,1
f2dc39ec-6336-4468-9d35-ef7ff678e99f,1,1,160,0,0,0,1
f6df3fea-7ebb-48d8-b8d2-03ea3d10cfb4,1,1,160,0,0,0,1
c40a0c7b-ae59-41b4-ad0c-16239fd7a1a3,1,1,160,0,0,0,1
d100f45e-8870-4f91-87a2-c9e89ac801c3,1,1,160,0,0,0,1
ea88bf2d-9443-4f60-a97b-775e7918fc11,1,1,160,0,0,0,1
72a19f6a-6109-4e12-abd6-35b405eb2782,1,1,160,0,0,0,1
2f7561df-0202-4c64-be39-1cb554eaf6a1,1,1,160,0,0,0,1
91afba1c-1eeb-44b6-ad51-c34d39df8f23,1,1,160,0,0,0,1
7733200e-6411-4f47-88db-2b7a3122a0a5,1,1,160,0,0,0,1
5984fb92-3f14-42b2-8e7c-3951ab226585,1,1,160,0,0,0,1
cba1fd78-4752-4f2e-b971-a8f12f6cb151,1,1,160,0,0,0,1
98538cc3-c5ec-4fef-a591-15608c8cbfd7,1,1,160,0,0,0,1
ddbd5e07-e3b3-4c95-89bf-e98cdc976458,1,1,160,0,0,0,1
caeefa3e-0d69-48b1-865b-82503bb3f7b3,1,1,160,0,0,0,1
17aeb185-e852-4f60-84b6-0e09b066d360,1,1,160,0,0,0,1
6fb58340-c8ca-4e6a-a6a0-87380c4c37d7,1,1,160,0,0,0,1
3e4fb4a8-1cd5-428d-8970-403b96e36653,1,1,160,0,0,0,1
006a4de9-5480-4025-b7c1-1d5a7cfc1cc0,1,1,160,0,0,0,1
b438556a-9de3-4bcd-ba57-8101a78759d2,1,1,160,0,0,0,1
7b7bedb1-6d7c-4d61-9473-bb4dc2ea56fd,1,1,160,0,0,0,1
7cee9a3c-e074-4135-ac43-95b1282e120a,1,1,160,0,0,0,1
ff0b082d-a53c-43ae-85e4-a5f5c36ef84c,1,1,160,0,0,0,1
c4302385-fad9-43cc-a9bc-1cf8e87800a3,1,1,160,0,0,0,1
9fdb4923-b5d6-4ce4-9053-02c27778d8a4,1,1,160,0,0,0,1
3c724112-1606-4c94-9b97-8fbf0869424f,1,1,160,0,0,0,1
5927d797-4723-4088-b949-7d72383ac543,1,1,160,0,0,0,1
81245bf4-f05f-4a34-98de-8879c3e707da,1,1,160,0,0,0,1
4b1fe848-a315-4477-b578-30374fae6e8a,1,1,160,0,0,0,1
ecb7afbf-80f7-4fb2-9926-c6946f05c453,1,1,160,0,0,0,1
72e1533e-046f-489c-ae6f-57f8cf3d604a,1,1,160,0,0,0,1
83894bfd-8e06-4001-9cec-ebbd8d40ae78,1,1,160,0,0,0,1
ff2bff8b-6ed9-4db7-bc15-26f680671acb,1,1,160,0,0,0,1
0f1aa74d-1407-43ca-a50f-f44919bdcb35,1,1,160,0,0,0,1
dc842e5e-134d-4c85-986e-450e5fb2f9ee,1,1,160,0,0,0,1
d0db4bb0-0d91-424e-aee4-c8ab57908234,1,1,160,0,0,0,1
6d985ec8-d382-4445-ba1e-6093aac1f553,1,1,160,0,0,0,1
77ba28b4-d85f-4287-894f-7fa3ec5fbc5b,1,1,160,0,0,0,1
900c06ea-c1d3-421e-a6c5-9ae1aa91f419,1,1,160,0,0,0,1
eb8a10ad-b477-4be6-b92c-a9f2dc11d72b,1,1,160,0,0,0,1
f7a8d8d0-07fc-410b-98e5-7b5644c67152,1,1,160,0,0,0,1
e07eca54-a06e-428c-b8d5-3e3c7a75e66d,1,1,149,0,0,0,1
be4ad16f-bb70-4d82-aa8d-2aac19121743,1,1,149,0,0,0,1
72aef10b-4899-4f39-8ec6-7033a9e8e90c,1,1,149,0,0,0,1
268eeaac-99ac-4f94-91d2-584e1d95a6b3,1,1,149,0,0,0,1
ab207ca4-3c26-429e-9028-d98faf9cf81b,1,1,149,0,0,0,1
45115079-9811-482d-91b7-c1eda60cd957,1,1,149,0,0,0,1
c895c994-40fe-43c9-a0d6-253b3c59d411,1,1,149,0,0,0,1
bd6d1398-b4d2-4880-94af-476aa34ed846,1,1,149,0,0,0,1
3da11805-1b72-4245-9de2-1a54d13fb237,1,1,149,0,0,0,1
c64d32d9-e2f6-4ffc-9912-3d61ceae5b09,1,1,149,0,0,0,1
1abea493-fbaa-448e-8d22-94b8c460db04,1,1,149,0,0,0,1
44ab7a04-4604-409c-b624-553204ad8f77,1,1,149,0,0,0,1
42d5c52d-4ed1-4291-8e2f-0e3bccfc8c74,1,1,149,0,0,0,1
07b760e5-70b3-46d6-a0df-28473848ffff,1,1,149,0,0,0,1
0b73e934-4dc5-4624-9f0a-874dc5286104,1,1,149,0,0,0,1
649bf3c8-dc3d-4ba7-b7a6-5aa59c0b4c15,1,1,149,0,0,0,1
48ef68e1-772b-4296-93df-aa5c1f7dcb44,1,1,149,0,0,0,1
69ddf5fd-13bb-4eb6-a636-ed923d6af507,1,1,149,0,0,0,1
f093c203-53ee-4621-837b-1ba0b9f10d74,1,1,149,0,0,0,1
777062a9-f63e-4a09-86b6-63000595eb99,1,1,149,0,0,0,1
f45b16b4-235f-48b4-a8f9-91c1f17f7569,1,1,149,0,0,0,1
0f727e2a-5dee-4d26-838e-408a1d754e1b,1,1,149,0,0,0,1
4ee3fdd5-9251-425d-b7f2-1137fd002d94,1,1,149,0,0,0,1
7b6a0f2d-8ca0-4e6f-8ab7-2546b60e7afd,1,1,149,0,0,0,1
094ad2a0-7270-4920-bcca-139b289269c2,1,1,149,0,0,0,1
d836182f-dace-4ac3-9f76-a11209f14039,1,1,149,0,0,0,1
170e3779-7877-4e36-9c5a-51c10a3b1798,1,1,149,0,0,0,1
c2660892-6418-48b8-8332-febdf397ceac,1,1,149,0,0,0,1
c4483bb7-6906-421c-9a6d-7098d450d150,1,1,149,0,0,0,1
a8003dc2-b5e9-478b-9740-1a3402bac7ea,1,1,149,0,0,0,1
a635bc28-2603-43d5-8f8c-c6493f854826,1,1,149,0,0,0,1
b00d8abe-dfba-4c5b-94d5-a91798a25d28,1,1,149,0,0,0,1
8e2de004-4929-46d6-9480-a7844a777916,1,1,149,0,0,0,1
441ac529-f667-4ea7-b996-08c9e06ce89b,1,1,149,0,0,0,1
68ed769a-9307-4d1d-aa9c-cc2cb44035ca,1,1,149,0,0,0,1
573b2f55-340c-4210-8105-3671370b3941,1,1,149,0,0,0,1
9fe37279-b3c0-4fe1-9812-7623b5dfcc2d,1,1,149,0,0,0,1
0234608f-4513-484a-8e33-b2c86b25ecde,1,1,149,0,0,0,1
a04c5acc-6425-4cf0-8166-088b426919d4,1,1,149,0,0,0,1
a46d042d-825c-4748-b1d0-3add99e23207,1,1,149,0,0,0,1
50f7e65c-3fe4-4d40-90b2-22881badbf57,1,1,149,0,0,0,1
83941fb0-a1d8-4945-bed2-0fe0dd87776c,1,1,149,0,0,0,1
8fb70b6b-874c-4a6e-ac6a-bc164f4ee31d,1,1,149,0,0,0,1
0f0b9103-16ca-42d7-92aa-df745b7d682e,1,1,149,0,0,0,1
eff33b1c-aec1-416f-ac04-ecf731311228,1,1,149,0,0,0,1
c7c4dc4f-7488-4669-b1be-8a135f41a4ff,1,1,149,0,0,0,1
2624cd4e-77d9-4d5d-87db-e88b9ec59b8d,1,1,149,0,0,0,1
a9001465-a758-4f1d-abc4-bd2b3841bda6,1,1,149,0,0,0,1
0bbe587c-49a0-4fd1-85dc-33d7b88d4b4a,1,1,149,0,0,0,1
ab95edb6-3929-4bfa-9c34-aabe535b246d,1,1,149,0,0,0,1
4ed9d17e-f24f-413a-953c-7238b1985070,1,1,149,0,0,0,1
e7ba4425-d6e9-4133-8172-63a1432cb8a1,1,1,149,0,0,0,1
2c83234d-1681-4a02-abb4-60a7a86f2072,1,1,149,0,0,0,1
7786e45b-7665-4b2f-b17b-5750f40cc0c5,1,1,149,0,0,0,1
5624cf3b-3b1b-4e77-ae0d-7c2561f00219,1,1,149,0,0,0,1
8ade98d7-fc0a-43bb-beba-99c1a7409582,1,1,149,0,0,0,1
30f73d2c-6aa1-4f3b-bd57-1c283f76e4e7,1,1,149,0,0,0,1
b88ea552-2e72-4e18-a9bd-0172a2c0e4ce,1,1,149,0,0,0,1
2de7626c-cef3-4578-af88-76e22037de3d,1,1,149,0,0,0,1
a8a7bedc-ccc6-4835-b326-3957ad136cae,1,1,149,0,0,0,1
de7b3116-ad54-49d2-a384-12bfc2a1548d,1,1,149,0,0,0,1
a8a9e677-74b7-474f-bf48-4c351aa9218e,1,1,149,0,0,0,1
ffdbda63-dacb-40e7-9ac5-c6c2f97e43a9,1,1,149,0,0,0,1
c0709cb6-9d2d-4aa9-b362-425f9f1206c5,1,1,149,0,0,0,1
aaf29961-b807-46d0-ae81-903fc5083520,1,1,149,0,0,0,1
a7f69502-c357-45a9-85e7-5bd1c9497460,1,1,149,0,0,0,1
6349767e-f3a7-4317-869c-0b3539a38022,1,1,149,0,0,0,1
c00a9f58-5525-4304-b4cf-dc50704264a2,1,1,149,0,0,0,1
be617ed0-47bf-4bc3-b081-79c9fccc9c05,1,1,149,0,0,0,1
2b28a301-4fa0-4714-a6bf-8fe8cb3e9976,1,1,149,0,0,0,1
c6a37b55-df0a-4284-a3ce-cac1caa7ae18,1,1,149,0,0,0,1
fcd72a1d-0ed5-4a6a-8460-61a8df390b85,1,1,149,0,0,0,1
347f4cf1-58fa-46db-98a3-ebc4ae75453b,1,1,149,0,0,0,1
7dc8905f-82ac-4a59-b750-4344408e8778,1,1,149,0,0,0,1
9f633c2a-42a7-4148-ab13-d5973414c615,1,1,149,0,0,0,1
87c217ee-44e4-45d4-9ac3-4f916ea9425a,1,1,149,0,0,0,1
ad945302-399c-4a6b-a73c-4a8d91bf2114,1,1,149,0,0,0,1
11c23beb-2e99-4836-8974-773868fa2c9e,1,1,149,0,0,0,1
0dbf560e-758c-4925-a0cb-1e2649c1cbd3,1,1,149,0,0,0,1
92e6cf1e-61e0-4a1a-8547-a50c4f9c0635,1,1,149,0,0,0,1
377e26ca-898d-40b0-a903-843d2030dc06,1,1,149,0,0,0,1
57936a0e-bc3b-44b6-b547-967be9f83006,1,1,149,0,0,0,1
7b956317-7f90-400a-b96d-c03fc2724fca,1,1,149,0,0,0,1
b7ebb3b7-e4b1-41fc-af03-53a7e7e38f3c,1,1,149,0,0,0,1
d0432fae-6206-4e99-b778-9f41c90d0007,1,1,149,0,0,0,1
b75402b4-500d-4895-b0a0-d7f4ec9cbf43,1,1,149,0,0,0,1
4e7f07a4-8cc9-4362-9809-7030caf4b924,1,1,149,0,0,0,1
7b01f069-7a8e-442f-918f-c3032624a7a8,1,1,149,0,0,0,1
e47eba0c-0492-4b90-a8ac-bdda7ed9b3cd,1,1,149,0,0,0,1
fcd8769d-41dc-4fc5-ba9c-0d7696870d33,1,1,149,0,0,0,1
942f13d3-aef3-4408-92d4-ef3267f7d0ef,1,1,149,0,0,0,1
698af943-907a-46bd-83ad-a813dd20b13c,1,1,149,0,0,0,1
ff8e3d88-4f26-4446-ad48-8df7f6980e73,1,1,149,0,0,0,1
e8ac2239-a1e0-4899-8822-f0f2dd08f1b6,1,1,149,0,0,0,1
bd22a357-d483-4b39-b6c8-36a7f507a6b1,1,1,149,0,0,0,1
dab578bc-6fc1-49fe-bc1f-fa4e450c6603,1,1,149,0,0,0,1
98ae3021-bc88-4219-8a44-35a51963c7a5,1,1,149,0,0,0,1
63956495-7487-4dfc-a710-10093bd9e525,1,1,149,0,0,0,1
29f0b134-0017-4547-9459-36351933165b,1,1,149,0,0,0,1
4ca701c1-2451-4302-9281-5a3dc4d4c7ce,1,1,149,0,0,0,1
acde9811-9253-4d9f-a79f-575c41115e31,1,1,149,0,0,0,1
83d6931e-ff41-4c9d-824e-8c75ea440251,1,1,149,0,0,0,1
b49d8c7c-83fd-48b7-8dde-42d695722b62,1,1,149,0,0,0,1
41850d41-9067-43ae-87b3-235133ee0b02,1,1,149,0,0,0,1
cc9d9b57-7244-4d45-9234-ed279acd460b,1,1,149,0,0,0,1
af719ed3-1e8c-44e3-a76d-e176670f0d6c,1,1,149,0,0,0,1
73118807-3dbc-461d-baab-53517a105657,1,1,149,0,0,0,1
15454862-e5ed-424f-a966-6a50ea8410c8,1,1,149,0,0,0,1
8cb02f8a-1125-48dd-8fb1-560951211a35,1,1,149,0,0,0,1
343793cd-d5ba-4718-b7ab-5291c86b5ead,1,1,149,0,0,0,1
f2546421-7f78-4653-9af7-64ddeef5112a,1,1,149,0,0,0,1
3acc66cb-1884-4207-9d54-0b767bd76ce9,1,1,149,0,0,0,1
4894cffa-387f-4cba-90f6-12c8a3359cf2,1,1,149,0,0,0,1
0bea28c3-5021-4ad0-b946-3da0f975e597,1,1,149,0,0,0,1
64d228f4-216f-493c-b23c-dfdf1814bb16,1,1,149,0,0,0,1
c2ce0df8-bd33-4f34-ba83-0ee37392dfc1,1,1,149,0,0,0,1
dccea0a9-182a-4d91-a64b-456cd7b04023,1,1,149,0,0,0,1
c90b6536-1ebc-4934-a9ce-673cd4effd88,1,1,149,0,0,0,1
e65c15e7-a594-423f-8f60-64feb81ce630,1,1,149,0,0,0,1
71532dda-5e2c-4976-8e85-aa0c43c2495d,1,1,149,0,0,0,1
90fa4d06-234d-481e-87ab-6660fbe27285,1,1,149,0,0,0,1
33117dca-2eda-405f-a9e8-72e6387e4a65,1,1,149,0,0,0,1
29e55847-3fe2-4d2f-97fa-ea3b66fe1d53,1,1,149,0,0,0,1
b1430da9-553d-46cb-979d-43d3ed9f51b5,1,1,149,0,0,0,1
0509a652-00db-468c-91b4-022617d723f2,1,1,149,0,0,0,1
221db19d-376d-4bee-81f7-a06dfde526da,1,1,149,0,0,0,1
5f848340-6cb2-4643-b2d5-a588bfa01d91,1,1,149,0,0,0,1
c463e1a8-b763-48e2-8247-1ba691dc9135,1,1,149,0,0,0,1
f4d61877-9360-42d2-ab96-83ac1afceb82,1,1,149,0,0,0,1
14d30d22-23bf-421a-8b66-6847146e7ccc,1,1,149,0,0,0,1
15a7be93-82e6-4302-a3b3-d1be82f8cdfd,1,1,149,0,0,0,1
c7e513c2-660e-4d95-877f-0e6afd426d8f,1,1,149,0,0,0,1
57010ec7-b71b-4e98-872d-3139a82e35a3,1,1,149,0,0,0,1
b83895f9-a693-408e-a935-a1ffd7626eb8,1,1,149,0,0,0,1
091d5fc9-cfcc-45b9-bd3a-b7d6636518c5,1,1,149,0,0,0,1
3f950d9b-48c2-4acd-89ae-eaa29faf6ee6,1,1,149,0,0,0,1
19a3eee3-1116-4038-82c3-9b7a70752f21,1,1,149,0,0,0,1
ce47867d-8f00-4783-9e04-9fd48d3f5c89,1,1,149,0,0,0,1
b8d09fae-09c9-4e6f-90f9-2123a595fd5c,1,1,149,0,0,0,1
abd5d1c5-5ce5-4dc5-be89-e96d88817c83,1,1,149,0,0,0,1
37cf28bb-8ea8-46db-b8b2-74554622b443,1,1,149,0,0,0,1
f343a919-6c25-4051-80ff-e995756ee36c,1,1,149,0,0,0,1
6aec40ef-2be8-4bfb-8aa1-7435e57219f6,1,1,149,0,0,0,1
addde597-081f-4357-97d1-28e0fe8d66fe,1,1,149,0,0,0,1
9eb5d353-6928-4679-be6d-97132f78f80c,1,1,149,0,0,0,1
2a128715-3123-4701-9f35-6a717a36eda6,1,1,149,0,0,0,1
4711de4c-a727-4048-8f4b-e0f988359370,1,1,149,0,0,0,1
322a2523-bdae-4609-bd41-426075ee1815,1,1,149,0,0,0,1
bd3cc366-2aed-47ea-b606-672721132e92,1,1,149,0,0,0,1
39d1c1b5-a363-485e-b6f1-a5848ec6abf1,1,1,149,0,0,0,1
csAgent-00154a82-0142-4dad-8597-874576540ec1,1,1,120,0,0,0,1
csAgent-425d9f8b-42cc-4120-9293-373f8e5454b9,1,1,120,0,0,0,1
csAgent-c65fdb1a-7c66-4c95-9cad-28f9b319c2d8,1,1,120,0,0,0,1
csAgent-29e039c9-db7a-44c9-8209-1a02c39163af,1,1,120,0,0,0,1
csAgent-a9b947a1-0eed-4392-9ee8-f92e1f0eb35e,1,1,120,0,0,0,1
csAgent-1ab29602-2aea-4897-a3aa-07bb3eca9cb6,1,1,120,0,0,0,1
csAgent-1cc04d91-e392-4765-b06b-2631c7d116d7,1,1,120,0,0,0,1
csAgent-c0f86432-44f3-41d7-8cef-b1f659403fb4,1,1,120,0,0,0,1
csAgent-29d0e741-c9b5-4dab-ae76-b3c3babf1380,1,1,120,0,0,0,1
csAgent-9399b262-119b-4537-ad3b-9a13a0b9e583,1,1,120,0,0,0,1
csAgent-50fc5ff6-a11a-43c9-b411-862025eafb31,1,1,120,0,0,0,1
csAgent-d235d860-4616-4607-915f-2dfe4d467c7d,1,1,120,0,0,0,1
csAgent-b92bcbb7-078c-42a5-a094-9d7f47e4a7be,1,1,120,0,0,0,1
csAgent-03b89470-9234-4227-b134-2a1217a81ee9,1,1,120,0,0,0,1
csAgent-f5a40662-8ffa-40af-b8a2-40eac3cdd791,1,1,120,0,0,0,1
csAgent-4440431e-96f8-4c7a-8719-a35cde4358ea,1,1,120,0,0,0,1
csAgent-152c9f6e-970d-4917-bd39-12392b70d2a6,1,1,120,0,0,0,1
csAgent-d2052c4c-6031-4fdb-9ce9-a45c7dd47833,1,1,120,0,0,0,1
csAgent-c95e37b1-04e4-4af3-864d-451edad36029,1,1,120,0,0,0,1
csAgent-5b80494d-9b19-4358-9920-02776ded8130,1,1,120,0,0,0,1
csAgent-5e9032fb-5cec-432c-bbfd-b2869a580553,1,1,120,0,0,0,1
csAgent-23e0c68c-f468-422f-b38c-4b879897183e,1,1,120,0,0,0,1
csAgent-6851a793-bc81-43a0-92ce-4e9710a65ec6,1,1,120,0,0,0,1
csAgent-ea642b4b-061b-40f5-ac0b-9acd66edaa42,1,1,120,0,0,0,1
47aeb405-a4e5-493c-95a3-56b458a8905a,1,1,120,0,0,0,1
f7cc41af-8a6e-460a-8969-7649ee845b8d,1,1,120,0,0,0,1
bff21a6b-f52f-4c7e-b5fe-1a9e2707e5cf,1,1,120,0,0,0,1
1af62938-64a5-410e-a8b7-62e4f892e78c,1,1,120,0,0,0,1
f76cb284-031f-4afe-8bf9-f9445a373172,1,1,120,0,0,0,1
d5f004fb-a775-43d1-b550-34a6fd47415b,1,1,120,0,0,0,1
c6722700-51c9-45f6-9062-bcf5bef9a651,1,1,120,0,0,0,1
6a477b18-0b62-4f29-bc5a-18d6f0337fb9,1,1,120,0,0,0,1
e3c8699e-a56e-4fb2-842e-7a18facb5f1a,1,1,120,0,0,0,1
7309b08e-1f74-4022-ba22-9e473018363d,1,1,120,0,0,0,1
cbda0a73-4ec9-43ba-8e79-3584c456e17d,1,1,120,0,0,0,1
bcc82818-2262-4392-a22b-4ca4f1e4164b,1,1,120,0,0,0,1
36f2786a-386f-4134-ad57-d54dc4f3f7af,1,1,120,0,0,0,1
21c932c8-e8b2-4d03-a558-3a3e51cf20f5,1,1,120,0,0,0,1
05b09668-7553-4597-84fe-8c3aebba8477,1,1,120,0,0,0,1
93aa222c-d497-4833-a7ac-2f1c4368bac8,1,1,120,0,0,0,1
a7ba5c27-266f-4133-b41d-2e57f7cb214d,1,1,120,0,0,0,1
e9fb0d47-b075-4909-ba52-7d782921fa7c,1,1,120,0,0,0,1
9aacc744-4cf0-47a4-a383-969a05941414,1,1,120,0,0,0,1
87f85a46-73be-4152-9f08-fad5e7e55230,1,1,120,0,0,0,1
e8ca8224-5fba-4da5-8d4b-252ea99d2710,1,1,120,0,0,0,1
764e8c99-e8aa-46e6-b578-acf90ace212d,1,1,120,0,0,0,1
3750e487-77d2-4c72-a5b0-d2a593176e1a,1,1,120,0,0,0,1
11f1fd95-076d-4572-b852-405931d0a0a3,1,1,120,0,0,0,1
0aa706a0-406c-4751-a0d3-2df3ea1b9c59,1,1,120,0,0,0,1
93fd991e-8e28-4705-8b84-9b707873275d,1,1,120,0,0,0,1
fed55baf-ec48-4fb5-afbf-e4c7fd1b3e1d,1,1,120,0,0,0,1
9418ea73-603f-4318-889f-71c1c73fbe76,1,1,120,0,0,0,1
6207c7bd-39d4-42f9-a869-64c85c89951c,1,1,120,0,0,0,1
e2b3e2d8-3267-4f30-be11-b36a50336b94,1,1,120,0,0,0,1
3ba9abab-38c6-41f7-ba8a-6b1856c5b290,1,1,120,0,0,0,1
3ea2d23c-181c-4a4b-8018-61b51fad2ade,1,1,120,0,0,0,1
a3e4ac47-564e-481f-9c61-e774859f25fc,1,1,120,0,0,0,1
00854078-d146-4a2c-bc33-c9ed5a92f71a,1,1,120,0,0,0,1
aa001c53-35fb-4a73-9b3c-ae879c164bee,1,1,120,0,0,0,1
5e14324c-3819-4407-b637-ea42a4e0b5b7,1,1,120,0,0,0,1
b56e440e-4a02-484c-8338-e3cff3df5475,1,1,120,0,0,0,1
ab2b58c8-bce2-4e31-8aaf-3a83a073771a,1,1,120,0,0,0,1
4b43f93a-2f43-4d1b-b505-e0b62d5dd4a5,1,1,120,0,0,0,1
3e544c20-d6d0-4b93-903b-5744b908ea45,1,1,120,0,0,0,1
01f93d4c-6058-4050-acb4-eab7c9b2f8d3,1,1,120,0,0,0,1
9c1cafad-23ae-48ca-9e04-797f225e6731,1,1,120,0,0,0,1
8041061e-3d86-4690-b04d-42f9cffb33e9,1,1,120,0,0,0,1
139451c2-96f9-444b-af00-8d006c624a69,1,1,120,0,0,0,1
8095fe48-2c6d-435a-a3ca-0e12a13cfaa3,1,1,120,0,0,0,1
831a4355-ac82-404d-ba27-381e68a605fa,1,1,120,0,0,0,1
3892e6bf-4bdf-486a-9810-f4963524b38b,1,1,120,0,0,0,1
49b7235e-dca2-4b3d-846e-9640a7f0e02a,1,1,120,0,0,0,1
6c3a1f36-3e0b-42d5-ab33-a92df2b78286,1,1,120,0,0,0,1
5e8750e1-bc57-40b4-ae99-7adee2b90c77,1,1,120,0,0,0,1
7a40e5c2-b4d4-45e1-bb30-2a393bdcb6ae,1,1,120,0,0,0,1
808e85c5-68ba-4402-8a3e-05cfebaf65f5,1,1,120,0,0,0,1
2968924c-57d4-4d8f-ab59-b1ba6a0c109e,1,1,120,0,0,0,1
e1930818-c6e1-47f3-8e3e-d3fe858b6582,1,1,120,0,0,0,1
f0643b2c-3e66-4d67-94fc-cb50bcdd1102,1,1,120,0,0,0,1
528b0986-c815-479c-a8da-16d83f5449cc,1,1,120,0,0,0,1
5dbf49c4-326c-489d-9c93-2adcf9aabb87,1,1,120,0,0,0,1
e966ce9f-8d40-4173-b3c0-f9624a68220e,1,1,120,0,0,0,1
f73014a5-0dc4-4a7b-b096-b07f0c0a3cda,1,1,120,0,0,0,1
f9a46ed6-0f45-4248-83a7-75490fbdf3fa,1,1,120,0,0,0,1
37e988c4-bd4d-42a1-a9f6-756d5835e7d6,1,1,120,0,0,0,1
15e295cc-95b1-4147-8be4-db2d94d6bc58,1,1,120,0,0,0,1
c04d6d20-edc5-453d-ba46-869221c003d8,1,1,120,0,0,0,1
e004829d-34e1-46b4-945b-824b39c0503b,1,1,120,0,0,0,1
c1ec3f34-d19c-438b-949e-8216c519433b,1,1,120,0,0,0,1
d00f06c2-946f-4da8-a215-d3a6d97bb402,1,1,120,0,0,0,1
a55ad321-644d-465d-b7a0-f3b045e5b272,1,1,120,0,0,0,1
28f34ca8-9539-49bb-8833-7bff93f86bc6,1,1,120,0,0,0,1
cd78e965-cb0c-41cd-b0e5-d9d14929b8e1,1,1,120,0,0,0,1
2ba20932-aa78-4539-b070-b4fc9fc555eb,1,1,120,0,0,0,1
59219552-7459-4a6c-8b0b-d72620827835,1,1,120,0,0,0,1
e4d161a6-d065-412e-8393-bef40e1579fb,1,1,120,0,0,0,1
eb854921-41e5-4b50-b691-13bcd8803951,1,1,120,0,0,0,1
2ffcd492-d4cb-4189-a2c4-8e4eae6bc0d7,1,1,120,0,0,0,1
a67918d3-d1f4-4c2a-8b25-f2f2d1a6467e,1,1,120,0,0,0,1
6eac9556-336b-45dd-b4e9-3adb42ebac18,1,1,120,0,0,0,1
98b813db-53be-4904-8a49-84f6a58bd8f6,1,1,120,0,0,0,1
f6e4d98e-1c66-42df-b689-ba6df2cfc146,1,1,120,0,0,0,1
f2dc39ec-6336-4468-9d35-ef7ff678e99f,1,1,120,0,0,0,1
4d00328d-6200-4afa-a6b9-8ea1b210ef94,1,1,120,0,0,0,1
fc7aed2e-31bd-45cb-a526-c6f735dc36d5,1,1,120,0,0,0,1
c40a0c7b-ae59-41b4-ad0c-16239fd7a1a3,1,1,120,0,0,0,1
4d1bd5bf-442b-4dda-ba86-28583ffc5dc6,1,1,120,0,0,0,1
838431a7-7da0-4704-9542-8ea1873279b9,1,1,120,0,0,0,1
b9043c2f-2e8c-4764-8bb1-7a117169ff4e,1,1,120,0,0,0,1
368f296a-64dd-4ff8-9daa-0445ae6fc098,1,1,120,0,0,0,1
5f5933d1-3618-419a-b71b-790abd172395,1,1,120,0,0,0,1
cbb7be4e-19b9-409a-a1fc-361c5dad7788,1,1,120,0,0,0,1
435e0866-ad52-456a-a598-6bd0fa3381f7,1,1,120,0,0,0,1
6208d638-03b7-41f3-ab9a-871adec26651,1,1,120,0,0,0,1
b1fe6efb-c55c-47ed-a40e-77df6acc873e,1,1,120,0,0,0,1
b3003d73-2ee2-4975-b96a-10a2d74c7d85,1,1,120,0,0,0,1
cba1fd78-4752-4f2e-b971-a8f12f6cb151,1,1,120,0,0,0,1
98538cc3-c5ec-4fef-a591-15608c8cbfd7,1,1,120,0,0,0,1
b65af5d1-b762-434c-83e9-1e83fd89a8ae,1,1,120,0,0,0,1
b8561c92-be6f-4468-9dc5-23462f872fb3,1,1,120,0,0,0,1
cbe8b462-fc08-493d-9414-b27b89ff21e8,1,1,120,0,0,0,1
7ed5f1c8-d5ec-41c9-a546-ddc9c57a2e99,1,1,120,0,0,0,1
b00940e0-1a61-417e-b3e6-0dd9610dce7e,1,1,120,0,0,0,1
a0507e9e-cf07-46bc-b744-9ebdb5ff526f,1,1,120,0,0,0,1
d8052f0c-f14c-45e1-afdf-7b384622a198,1,1,120,0,0,0,1
761996f9-6300-4fcb-99f0-825ec1f63d15,1,1,120,0,0,0,1
787817f0-19ac-437d-84c4-142922d04bc4,1,1,120,0,0,0,1
5927d797-4723-4088-b949-7d72383ac543,1,1,120,0,0,0,1
81245bf4-f05f-4a34-98de-8879c3e707da,1,1,120,0,0,0,1
51bdc425-07ce-4564-bfee-7b64f37a7575,1,1,120,0,0,0,1
9e059810-39d4-4519-a780-b2bc84139e64,1,1,120,0,0,0,1
900c06ea-c1d3-421e-a6c5-9ae1aa91f419,1,1,120,0,0,0,1
6027c554-868b-474a-a583-d3f375901a6f,1,1,120,0,0,0,1
0e292403-d051-494d-bd78-5381cad84ee7,1,1,120,0,0,0,1
c64d32d9-e2f6-4ffc-9912-3d61ceae5b09,1,1,120,0,0,0,1
1a1e680a-c129-482e-af60-e3da64eae239,1,1,120,0,0,0,1
170e3779-7877-4e36-9c5a-51c10a3b1798,1,1,120,0,0,0,1
b00d8abe-dfba-4c5b-94d5-a91798a25d28,1,1,120,0,0,0,1
8e2de004-4929-46d6-9480-a7844a777916,1,1,120,0,0,0,1
70eae35b-5ed8-4d74-b41b-fca065ec2fc0,1,1,120,0,0,0,1
8fb70b6b-874c-4a6e-ac6a-bc164f4ee31d,1,1,120,0,0,0,1
a9001465-a758-4f1d-abc4-bd2b3841bda6,1,1,120,0,0,0,1
12975906-7b3a-46f8-a099-91f2b18ae08a,1,1,120,0,0,0,1
632f4439-c243-4e3c-98db-208aa52b169a,1,1,120,0,0,0,1
73a945a0-2555-45c2-a426-a2585578ff3a,1,1,120,0,0,0,1
8ade98d7-fc0a-43bb-beba-99c1a7409582,1,1,120,0,0,0,1
157687b6-6dfa-47ec-a68f-f8b5417589dc,1,1,120,0,0,0,1
ffdbda63-dacb-40e7-9ac5-c6c2f97e43a9,1,1,120,0,0,0,1
bd4bca60-39ca-431c-bbe8-0bceec739bcd,1,1,120,0,0,0,1
7dc8905f-82ac-4a59-b750-4344408e8778,1,1,120,0,0,0,1
9f633c2a-42a7-4148-ab13-d5973414c615,1,1,120,0,0,0,1
87c217ee-44e4-45d4-9ac3-4f916ea9425a,1,1,120,0,0,0,1
7b956317-7f90-400a-b96d-c03fc2724fca,1,1,120,0,0,0,1
7b01f069-7a8e-442f-918f-c3032624a7a8,1,1,120,0,0,0,1
fcd8769d-41dc-4fc5-ba9c-0d7696870d33,1,1,120,0,0,0,1
d146b222-1fc0-4a02-8dc5-c34f2b1b1aac,1,1,120,0,0,0,1
29f0b134-0017-4547-9459-36351933165b,1,1,120,0,0,0,1
acde9811-9253-4d9f-a79f-575c41115e31,1,1,120,0,0,0,1
c463e1a8-b763-48e2-8247-1ba691dc9135,1,1,120,0,0,0,1
bf996b08-73bd-483a-b8e5-72a2c1b2e9d2,1,1,120,0,0,0,1
f343a919-6c25-4051-80ff-e995756ee36c,1,1,120,0,0,0,1
2a128715-3123-4701-9f35-6a717a36eda6,1,1,120,0,0,0,1
94d28527-639b-45a2-9e60-859a95ee06b8,1,1,39,0,0,0,1
e5f22061-baeb-4443-babc-d1bc1b027560,1,1,39,0,0,0,1
77c1bfe2-bf37-4b16-84d9-dda3ade5f934,1,1,39,0,0,0,1
e465723b-2cda-4b9d-a633-9e0f05bbe517,1,1,39,0,0,0,1
22537b60-f82f-4a6b-b460-0d947f388f2f,1,1,39,0,0,0,1
0f8b1b7c-1150-403f-932a-7420b4c1145f,1,1,39,0,0,0,1
4b352e28-1a29-40e1-97f4-aaa397c28de2,1,1,39,0,0,0,1
80d59933-32c0-417c-a0ad-957c1de1a22c,1,1,39,0,0,0,1
f64f20c4-26e1-4bec-865b-76e3177cb023,1,1,39,0,0,0,1
2acc40f8-78b8-4c88-abfe-5cab1ade9a90,1,1,39,0,0,0,1
e30c4ddd-c3a4-4080-ae43-f9ec38e76047,1,1,39,0,0,0,1
8dc273f5-db39-41bd-8b8c-035807a41fb1,1,1,39,0,0,0,1
ffb345ec-4963-42b5-8717-791fe43974cf,1,1,39,0,0,0,1
8da5a817-5ae5-4ecc-8902-ff1b24ed2a32,1,1,39,0,0,0,1
e0d85d3e-31ec-4d9d-8d3f-22bb69c6cddf,1,1,39,0,0,0,1
3ae4c783-470d-4546-9acf-291ebeda96b0,1,1,39,0,0,0,1
995768e6-6415-432d-a012-9f43779b2ad3,1,1,39,0,0,0,1
9d36d745-bdfa-4c7f-995f-c76f7f4e2fdf,1,1,39,0,0,0,1
20161d48-029a-42e6-a0cb-716020aeddf4,1,1,39,0,0,0,1
58636ae3-8cf4-44b7-b973-faeac3281e0d,1,1,39,0,0,0,1
1b411048-64b2-40bd-8a1c-38da4743a30f,1,1,39,0,0,0,1
a2972cd5-086d-45b2-b462-0a4febe1bcbb,1,1,39,0,0,0,1
78c51e93-5a26-4787-b967-983de6afa2dd,1,1,39,0,0,0,1
918b6f94-e236-4dbe-bc04-e42c6b991b5f,1,1,39,0,0,0,1
cc6fcc0b-f4c9-4a64-8009-9385eef2451f,1,1,39,0,0,0,1
4a39003c-2b05-46d5-a4ab-1ab1c3cf0154,1,1,39,0,0,0,1
948c601f-cd6b-40f5-88e2-04d334b8277a,1,1,39,0,0,0,1
d5636f1b-95d0-4778-be08-d0b234018936,1,1,39,0,0,0,1
87ef40c4-df2b-4dad-b776-ebb53c412ed2,1,1,39,0,0,0,1
fe53a0d7-79c0-414d-af4f-316899190e16,1,1,39,0,0,0,1
10f4e479-ecd2-4566-af2f-1b4d62925b4f,1,1,39,0,0,0,1
9d9b8a43-628f-47ef-a8f7-382d6a0965a8,1,1,39,0,0,0,1
77d8e86d-bd17-4d2d-906e-c51a16655ae5,1,1,39,0,0,0,1
b097e929-3dc4-4ee6-a578-2e9a2a26d64f,1,1,39,0,0,0,1
dba5ed2e-e732-4171-89d9-1a0109b52784,1,1,39,0,0,0,1
f2cd21d6-4b6d-489f-b9bd-e0fc0577f6f9,1,1,39,0,0,0,1
fbb0a1bb-dd01-4ae3-badf-ec20da3b9e39,1,1,39,0,0,0,1
bdbcc416-999a-4dc7-95d1-0685fe251ea3,1,1,39,0,0,0,1
118ab6a7-ae6a-4e7a-b45c-2495dce5c735,1,1,39,0,0,0,1
8981c339-3674-475c-9bab-e75f0931b648,1,1,39,0,0,0,1
82c7446e-13a6-43d3-b62f-1b279812ca8b,1,1,39,0,0,0,1
e682148c-c14d-43ff-9393-2ed6a736c82e,1,1,39,0,0,0,1
d2021a55-2bc1-48e8-8558-d5ad75bbc734,1,1,39,0,0,0,1
cd6bbd0f-62d8-4014-be69-810b3bdd767f,1,1,39,0,0,0,1
e629d9f0-56bc-4a26-81f4-a4037fd2ac27,1,1,39,0,0,0,1
f0d83624-0a3a-4628-8134-29c8eaf05c46,1,1,39,0,0,0,1
c64b61de-d57c-4f85-a789-fda1ca46c574,1,1,39,0,0,0,1
3d20427e-53b3-4889-b14e-f9cbdbbcf7f6,1,1,39,0,0,0,1
9edbef1c-7765-4481-bd83-246fdf9d9af4,1,1,39,0,0,0,1
a11c55c3-7604-4436-93aa-83d65b546bdb,1,1,39,0,0,0,1
f4f49c5f-6c03-4dc6-8ed0-88f62de107df,1,1,39,0,0,0,1
13340d98-ca17-45df-ab4d-32d3b39195df,1,1,39,0,0,0,1
1bcee402-df3e-430f-b86d-51db019e1e41,1,1,39,0,0,0,1
21fd65f6-7b42-4af4-b3c9-e68b90c8fff9,1,1,39,0,0,0,1
58b5b156-153e-4d73-b327-b3bdb369f9ca,1,1,39,0,0,0,1
8f92f211-7330-41cd-acdb-dbe6d675bc95,1,1,39,0,0,0,1
6dc795e7-f850-4671-b57b-198be72ee74c,1,1,39,0,0,0,1
2f5c93c3-da8a-404a-ac13-1182f4ba22ae,1,1,39,0,0,0,1
7a164006-2ebe-48b1-92e2-0d68d5a88af3,1,1,39,0,0,0,1
d0304487-9583-4683-857b-1a42f5ed2da4,1,1,39,0,0,0,1
6183b264-18c0-4372-a80a-70dc3549c9b2,1,1,39,0,0,0,1
4936a1d2-adef-41ec-81e8-0f61830c3cb7,1,1,39,0,0,0,1
302b3515-8846-441b-a57f-35fa754cdada,1,1,39,0,0,0,1
ab0f158a-bb36-49e5-b2a0-b45496322ba8,1,1,39,0,0,0,1
159ce47f-a1e2-4aae-aba0-c606abc9f352,1,1,39,0,0,0,1
f6ed9089-7799-400b-828b-db0f67cd7482,1,1,39,0,0,0,1
1fc1786b-af54-41c3-8d2a-f9eb12a9c3c2,1,1,39,0,0,0,1
61eccf6b-b784-491d-87b3-62c9fe7f937a,1,1,39,0,0,0,1
b961a2bc-1530-47c0-94b6-66448f6d0f8b,1,1,39,0,0,0,1
d7ab4462-37bd-4676-9adc-1338fc0b9bd4,1,1,39,0,0,0,1
93d27c1d-efe3-4953-ba44-1516700168aa,1,1,39,0,0,0,1
a126d063-be3c-4d9b-b4b3-acb6df109e08,1,1,39,0,0,0,1
598594b8-3e8a-4aa6-8ad6-5e98d2c4e195,1,1,39,0,0,0,1
24429274-0d7c-4bd2-8b40-8c227787e770,1,1,39,0,0,0,1
csAgent-e3267519-a9a0-40bd-af08-ae0a0034ea6b,1,1,102,0,0,0,1
csAgent-5e39a62a-d697-4def-87ff-63ac5483802f,1,1,102,0,0,0,1
csAgent-a9b947a1-0eed-4392-9ee8-f92e1f0eb35e,1,1,102,0,0,0,1
csAgent-a47ed40f-c1ff-41ba-bbab-686dd2ecf9eb,1,1,102,0,0,0,1
csAgent-7f864d7a-a184-495a-97e2-bd64b70893ca,1,1,102,0,0,0,1
csAgent-4a1bf440-28ec-4397-83c7-a4d89848d500,1,1,102,0,0,0,1
csAgent-723a86d1-1b09-46d7-a280-7ceb523cf043,1,1,102,0,0,0,1
csAgent-8d9fec42-23f5-485d-91b5-f1a3f78c2baf,1,1,102,0,0,0,1
csAgent-f72f507d-9027-4f6b-9be0-1963b1ba3e21,1,1,102,0,0,0,1
csAgent-7e5e183b-e072-40de-ac00-6d5c0f215f6e,1,1,102,0,0,0,1
csAgent-19d393f9-9381-4cbb-8873-94d2e1003ebf,1,1,102,0,0,0,1
csAgent-45696ecb-c231-4351-81b9-64f58a4da88e,1,1,102,0,0,0,1
csAgent-c2617a39-ec21-4fc3-9598-db414d988773,1,1,102,0,0,0,1
csAgent-152c9f6e-970d-4917-bd39-12392b70d2a6,1,1,102,0,0,0,1
csAgent-cde95d0c-57bd-45d2-9bfa-7a7c8c6aa3e6,1,1,102,0,0,0,1
csAgent-b102974d-b7b7-42e1-8290-152a0a1e6292,1,1,102,0,0,0,1
csAgent-78fd0bed-5047-4cd4-804b-33ffccd3f06b,1,1,102,0,0,0,1
1387f2aa-f6fc-4d25-b47c-60a775ef1435,1,1,102,0,0,0,1
93d71975-b555-46b8-b01b-19bd01c67505,1,1,102,0,0,0,1
9145944c-56df-4742-82fd-b270d2717137,1,1,102,0,0,0,1
a4a19d1c-4753-4dfc-9295-c5b136a0c4ac,1,1,102,0,0,0,1
e3c8699e-a56e-4fb2-842e-7a18facb5f1a,1,1,102,0,0,0,1
04db8092-5b5f-48e5-9f81-0e7e429d598e,1,1,102,0,0,0,1
36f2786a-386f-4134-ad57-d54dc4f3f7af,1,1,102,0,0,0,1
97113356-53ab-4bd2-b6f0-749a78f670fc,1,1,102,0,0,0,1
a4cef3bb-75d4-412b-993a-585e12ec1399,1,1,102,0,0,0,1
00b231c2-3888-49e3-be2c-866afbfbc9e0,1,1,102,0,0,0,1
22129a99-c7b0-4193-8a01-3ae6a926d08f,1,1,102,0,0,0,1
53ab6d51-f09a-4eeb-9780-dbdfb6a8a344,1,1,102,0,0,0,1
e826711c-2f31-4aea-ba07-badfc421e5b7,1,1,102,0,0,0,1
9aacc744-4cf0-47a4-a383-969a05941414,1,1,102,0,0,0,1
87f85a46-73be-4152-9f08-fad5e7e55230,1,1,102,0,0,0,1
1f0b4a1a-d08d-4aac-af83-63b18cb3cf08,1,1,102,0,0,0,1
11f1fd95-076d-4572-b852-405931d0a0a3,1,1,102,0,0,0,1
1a720deb-5bf5-4067-8518-e01362ccb19a,1,1,102,0,0,0,1
45114238-520b-4000-a9f9-202c165dd08b,1,1,102,0,0,0,1
3ba9abab-38c6-41f7-ba8a-6b1856c5b290,1,1,102,0,0,0,1
a8eea8d8-177b-494b-a214-ae2e5287b715,1,1,102,0,0,0,1
82a4b4e0-0c6f-488b-b79c-21ee19e081a5,1,1,102,0,0,0,1
cb6981e1-fa16-4886-baa0-398c2d79eb2c,1,1,102,0,0,0,1
e8e69c81-faee-4f39-b3b6-40bf0cb013aa,1,1,102,0,0,0,1
265ec811-0a6a-448e-a1cc-50e666feaf23,1,1,102,0,0,0,1
a4d3b7c9-c02d-43b5-97de-e58b621f5e94,1,1,102,0,0,0,1
46e65d56-04e3-4691-af10-fa3f668570db,1,1,102,0,0,0,1
aa001c53-35fb-4a73-9b3c-ae879c164bee,1,1,102,0,0,0,1
3700cc17-8f20-4d21-a531-ded5a9e798c3,1,1,102,0,0,0,1
b9da9a7b-5ae8-4f99-a15b-7d10a8a6f948,1,1,102,0,0,0,1
b56e440e-4a02-484c-8338-e3cff3df5475,1,1,102,0,0,0,1
ab2b58c8-bce2-4e31-8aaf-3a83a073771a,1,1,102,0,0,0,1
af6cbf60-6e4d-4d38-aa9e-9604419c3e49,1,1,102,0,0,0,1
a010ad3d-b8ac-4409-b0a3-3d56c5c1a3be,1,1,102,0,0,0,1
9c1cafad-23ae-48ca-9e04-797f225e6731,1,1,102,0,0,0,1
c779f45b-0cc8-4093-9542-fd49e55a96db,1,1,102,0,0,0,1
d81b8a27-dcde-45b4-b9d8-1f01805c3da2,1,1,102,0,0,0,1
3202cbac-a165-4fe4-ba3a-6ab829d093a2,1,1,102,0,0,0,1
1279b5ff-b90b-41ce-a018-62b00e399cf5,1,1,102,0,0,0,1
ca81aba1-31e8-4b22-8b12-ccea2afe62a8,1,1,102,0,0,0,1
e6069ac4-a261-48d8-b705-9d46df0d6c2c,1,1,102,0,0,0,1
660e93f6-2610-4815-a727-87686ad708ce,1,1,102,0,0,0,1
b808dbce-2ea3-4a01-a4c5-ecf2b4cb6208,1,1,102,0,0,0,1
6c3a1f36-3e0b-42d5-ab33-a92df2b78286,1,1,102,0,0,0,1
7466f0d0-1c49-4f6c-9aa7-543412e15246,1,1,102,0,0,0,1
603d7967-8df1-49c1-bb28-9a2b529a9d2e,1,1,102,0,0,0,1
42d6a34b-30e9-485f-a61e-9a2e5f39a400,1,1,102,0,0,0,1
5581d21e-44f8-4eae-9023-1551679fc8a1,1,1,102,0,0,0,1
528b0986-c815-479c-a8da-16d83f5449cc,1,1,102,0,0,0,1
86858d06-3af4-497b-bb29-e61763a1e063,1,1,102,0,0,0,1
5b957cab-2b85-4108-b215-63f1815c3891,1,1,102,0,0,0,1
c1f3174e-53c0-4a02-b361-27d82b1cd603,1,1,102,0,0,0,1
9fd77241-a430-4402-8031-7576f637d9d1,1,1,102,0,0,0,1
153fb61d-65e4-40b7-a18d-46090fab0511,1,1,102,0,0,0,1
d00f06c2-946f-4da8-a215-d3a6d97bb402,1,1,102,0,0,0,1
661eb52d-66aa-49fe-9325-c9db226670c4,1,1,102,0,0,0,1
2ffcd492-d4cb-4189-a2c4-8e4eae6bc0d7,1,1,102,0,0,0,1
98b813db-53be-4904-8a49-84f6a58bd8f6,1,1,102,0,0,0,1
fc7aed2e-31bd-45cb-a526-c6f735dc36d5,1,1,102,0,0,0,1
5a79e687-52c1-4966-b555-44694a3eeeb6,1,1,102,0,0,0,1
e46c9dcd-4b6c-492b-968f-44446ecc2f55,1,1,102,0,0,0,1
d1ff1c0a-9daa-44ba-97c2-f5f7ad2eccaa,1,1,102,0,0,0,1
9ce7424e-54f3-435a-b36c-e74ca7da0743,1,1,102,0,0,0,1
5f5933d1-3618-419a-b71b-790abd172395,1,1,102,0,0,0,1
cbb7be4e-19b9-409a-a1fc-361c5dad7788,1,1,102,0,0,0,1
900311ea-5a7f-4d42-b9e9-9916f9ba24f7,1,1,102,0,0,0,1
5984fb92-3f14-42b2-8e7c-3951ab226585,1,1,102,0,0,0,1
9ff0720d-2b15-4e2f-a10e-58e9ef999294,1,1,102,0,0,0,1
ddbd5e07-e3b3-4c95-89bf-e98cdc976458,1,1,102,0,0,0,1
7f07a9b0-6dce-4873-aa3e-ab080fc78748,1,1,102,0,0,0,1
bd663f42-ad12-4efd-8164-190ffb9b05e9,1,1,102,0,0,0,1
ab694980-6139-4a0a-a8d0-76394886fa31,1,1,102,0,0,0,1
17aeb185-e852-4f60-84b6-0e09b066d360,1,1,102,0,0,0,1
24db6937-2445-4b93-9da1-bebba052956b,1,1,102,0,0,0,1
13819d4d-0117-4b04-bc5f-d6e3cd11b715,1,1,102,0,0,0,1
ff0b082d-a53c-43ae-85e4-a5f5c36ef84c,1,1,102,0,0,0,1
0763bf12-51c0-4cb6-8576-d2e40b63233b,1,1,102,0,0,0,1
dffafc00-dcdc-4c0b-bb6f-47e0a9695876,1,1,102,0,0,0,1
787817f0-19ac-437d-84c4-142922d04bc4,1,1,102,0,0,0,1
b9cd0dab-8335-439b-bb41-3c8370a1187c,1,1,102,0,0,0,1
86c2ddc3-5bf5-4dde-9c39-6f7a65bbb8b3,1,1,102,0,0,0,1
cafe0b3a-efde-489a-afdd-dfb12109e78d,1,1,102,0,0,0,1
0642a978-34d0-44b2-87d6-9f2c044137d9,1,1,102,0,0,0,1
91d38172-ce3b-4d1e-85eb-57796da0240a,1,1,102,0,0,0,1
a5e92966-979d-489a-938a-3cca79a2a211,1,1,102,0,0,0,1
52db53b1-368e-40f9-a160-baf3b7ef6e11,1,1,102,0,0,0,1
0f1aa74d-1407-43ca-a50f-f44919bdcb35,1,1,102,0,0,0,1
dc842e5e-134d-4c85-986e-450e5fb2f9ee,1,1,102,0,0,0,1
69ae072e-2aa1-4a7d-9e74-4f7f08407e26,1,1,102,0,0,0,1
d0db4bb0-0d91-424e-aee4-c8ab57908234,1,1,102,0,0,0,1
34db2d92-0752-4160-9936-e58f0f5ce3f2,1,1,102,0,0,0,1
669f2aaa-c4b5-4119-82aa-b769858f8455,1,1,102,0,0,0,1
d321b88e-7b07-4489-9c0b-c2f8305936f1,1,1,102,0,0,0,1
c7da6d0b-d057-4285-9a65-afa14bb8bd44,1,1,102,0,0,0,1
ba0173ef-2fd8-4c5a-a9d0-58e4a184202c,1,1,102,0,0,0,1
6027c554-868b-474a-a583-d3f375901a6f,1,1,102,0,0,0,1
519a168e-e576-4af3-bb8a-967e97128a44,1,1,102,0,0,0,1
72aef10b-4899-4f39-8ec6-7033a9e8e90c,1,1,102,0,0,0,1
8dd77881-8e97-4b15-b301-e6974459aed0,1,1,102,0,0,0,1
0b73e934-4dc5-4624-9f0a-874dc5286104,1,1,102,0,0,0,1
777062a9-f63e-4a09-86b6-63000595eb99,1,1,102,0,0,0,1
d836182f-dace-4ac3-9f76-a11209f14039,1,1,102,0,0,0,1
70eae35b-5ed8-4d74-b41b-fca065ec2fc0,1,1,102,0,0,0,1
68ed769a-9307-4d1d-aa9c-cc2cb44035ca,1,1,102,0,0,0,1
32207e62-fb7d-4519-b041-f3d518734cbe,1,1,102,0,0,0,1
50f7e65c-3fe4-4d40-90b2-22881badbf57,1,1,102,0,0,0,1
59ad72de-5155-4ed1-9f16-8598e6dd8236,1,1,102,0,0,0,1
4653192c-4419-475e-94fd-e4373d882bec,1,1,102,0,0,0,1
7786e45b-7665-4b2f-b17b-5750f40cc0c5,1,1,102,0,0,0,1
76bae396-ad46-48b8-8ddb-2f547f26947a,1,1,102,0,0,0,1
b88ea552-2e72-4e18-a9bd-0172a2c0e4ce,1,1,102,0,0,0,1
157687b6-6dfa-47ec-a68f-f8b5417589dc,1,1,102,0,0,0,1
bd4bca60-39ca-431c-bbe8-0bceec739bcd,1,1,102,0,0,0,1
aaf29961-b807-46d0-ae81-903fc5083520,1,1,102,0,0,0,1
be617ed0-47bf-4bc3-b081-79c9fccc9c05,1,1,102,0,0,0,1
347f4cf1-58fa-46db-98a3-ebc4ae75453b,1,1,102,0,0,0,1
ad945302-399c-4a6b-a73c-4a8d91bf2114,1,1,102,0,0,0,1
11c23beb-2e99-4836-8974-773868fa2c9e,1,1,102,0,0,0,1
b75402b4-500d-4895-b0a0-d7f4ec9cbf43,1,1,102,0,0,0,1
29f0b134-0017-4547-9459-36351933165b,1,1,102,0,0,0,1
cc9d9b57-7244-4d45-9234-ed279acd460b,1,1,102,0,0,0,1
91abdded-0239-4195-8ddd-e7354e1e6e86,1,1,102,0,0,0,1
71532dda-5e2c-4976-8e85-aa0c43c2495d,1,1,102,0,0,0,1
33117dca-2eda-405f-a9e8-72e6387e4a65,1,1,102,0,0,0,1
530a1602-0f6d-4357-b25a-5cfa067c4d23,1,1,102,0,0,0,1
0509a652-00db-468c-91b4-022617d723f2,1,1,102,0,0,0,1
c4d9a5e9-c389-4259-ab2c-8c99d22f393d,1,1,102,0,0,0,1
3f950d9b-48c2-4acd-89ae-eaa29faf6ee6,1,1,102,0,0,0,1
61749a75-2e94-4f27-91e8-23f7eb8a81d8,1,1,102,0,0,0,1
f343a919-6c25-4051-80ff-e995756ee36c,1,1,102,0,0,0,1
addde597-081f-4357-97d1-28e0fe8d66fe,1,1,102,0,0,0,1
e26fa7f0-4213-4c66-9e74-df58257a6386,1,1,102,0,0,0,1
629d3040-73ed-41f7-b9cb-dc233e39a99f,1,1,102,0,0,0,1
4b352e28-1a29-40e1-97f4-aaa397c28de2,1,1,102,0,0,0,1
8dc273f5-db39-41bd-8b8c-035807a41fb1,1,1,102,0,0,0,1
6b3ccccc-76d0-4a91-b77e-a6dc8039068d,1,1,102,0,0,0,1
995768e6-6415-432d-a012-9f43779b2ad3,1,1,102,0,0,0,1
72ef9390-e33d-4775-b84a-b72672bc4eba,1,1,102,0,0,0,1
e682148c-c14d-43ff-9393-2ed6a736c82e,1,1,102,0,0,0,1
108850d9-2a12-4edc-bcac-a4eddadffcd8,1,1,102,0,0,0,1
7f0cce81-3387-456f-a509-b13c6ee5f3d2,1,1,102,0,0,0,1
f0d83624-0a3a-4628-8134-29c8eaf05c46,1,1,102,0,0,0,1
3d20427e-53b3-4889-b14e-f9cbdbbcf7f6,1,1,102,0,0,0,1
f4f49c5f-6c03-4dc6-8ed0-88f62de107df,1,1,102,0,0,0,1
1bcee402-df3e-430f-b86d-51db019e1e41,1,1,102,0,0,0,1
d0304487-9583-4683-857b-1a42f5ed2da4,1,1,102,0,0,0,1
6183b264-18c0-4372-a80a-70dc3549c9b2,1,1,102,0,0,0,1
dbe6a067-3773-490d-a657-9382f8462be3,1,1,102,0,0,0,1
f6ed9089-7799-400b-828b-db0f67cd7482,1,1,102,0,0,0,1
e8987cc3-d315-45e8-96bc-687761ce2dd5,1,1,102,0,0,0,1
61eccf6b-b784-491d-87b3-62c9fe7f937a,1,1,102,0,0,0,1
a126d063-be3c-4d9b-b4b3-acb6df109e08,1,1,102,0,0,0,1
24429274-0d7c-4bd2-8b40-8c227787e770,1,1,102,0,0,0,1
